104201001	아, 왔어?
104201002	기다리다 지치는줄 알았어, 방문자씨!
104201003	어서와! GrimGlitter에!
104201004	………….
104201005	어라? 사람을 잘못봤다고?
104201006	저기, 너는 바깥 사람이지, 안 그래?
104201101	네
104201102	히힛… 그럴 줄 알았어.
104201103	카오리쨩이 초대장을 보냈다고 했을 때부터
104201104	슬슬 오려나~ 싶었어!
104201201	아니오
104201202	응~, 저엉말?
104201203	이 마을에 닮은 아이가 있었나……?
104201204	내 이름, 말할 수 있어?
104201205	………….
104201206	봐, 우리 처음 만난거라고!
104201208	나는 앨리스! 너는?
104201901	이름을 입력하세요.
104201008	[player][kun], 이네. 기억했어.
104201009	그래서, [player][kun]은 여기가 어딘지 알고 있어?
104201010	여긴 내 마을이야!
104201011	정확히는 나만의 마을은 아니지만…….
104201012	그래도 지금은 내거야!
104201013	시장이나 다른걸 말하는게 아니야, 지배자.
104201014	부우, 못 믿겠어?
104201015	나 같은 작은 소녀가 지배자라니.
104201016	그럼 보여줄게.
104201017	조금만, 커질게?
104201018	후후, 놀랐어?
104201019	좋아! 훌륭해! 그런 반응!
104201020	오싹오싹해…….
104201021	카오리쨩 참 귀여운 아이를 골랐네~♪
104201022	자, 봐봐?
104201023	내 다리, 무척 강해보이지?
104201024	이 발로 너를 찬다면 어떻게 될지 궁금한데?
104201025	………… 큿.
104201026	장난이야!
104201027	어때? 무서웠어?
104201028	그런 얼굴을 하면…… 귀여워 해주고 싶어지잖아.
104201029	자, 이쪽으로 와? 무섭지 않아요?
104201030	좋아, 착하다 착해.
104201031	자, 영차.
104201032	후후… 작은 아이같네.
104201033	그래, 그래요. 내가 엄마에요!
104201034	자, 높다 높아—!
104201035	아하하! 내려놔주길 바래?
104201036	안—돼!
104201037	[player][kun], 반응이 하나하나 귀여운걸!
104201038	좀 더 귀여워 해줄게.
104201039	게다가, 이정도 높이에서 무서워하면, 더 높으면 더 무서워할걸?
104201040	내 진짜 키는 이정도로 작지 않은걸.
104201041	조금만 더 커질게?
104201042	에헤헤, 나는 [player][kun]을 손에 올려놓을 수 있어.
104201043	인형같아서 귀여워!
104201044	근데 인형보다 훨씬 연약한걸……
104201045	내가 손을 꾸욱 하면 넌 뭉게질거야.
104201046	간다? 꾸욱…….
104201047	엘리스의 손이 당신을 쥐어짜고, 당신은 몸 안의 공기가 빠져나가는 것을 느낍니다……!
104201048	몸에서 삐걱이는 소리가 나며 당신의 의식이 점점 사라집니다.
104201049	아, 내가 너무 심했나?
104201050	미안미안, 좋은 소리를 내길래……
104201051	아무튼 이게 알겠지? 나는 무척 강하다고!
104201052	후훗, 몸에 새겨진거 같네.
104201053	그런데, [player][kun]. 내 진짜 크기가 더 크다고 하면 놀라겠지?
104201054	……흐음, 그 표정. 너 꽤 감이 좋네?
104201055	[player][kun]의 감, 정답이야……!
104201056	신장 17미터! 이게 내 진짜 키야!
104201057	내 손 더 넓어졌지?
104201058	어디로든 걸어가도 된다고?
104201059	무슨일이야? 무서워서 허리가 빠졌어……?
104201060	아니면 그냥 멍하니…… 나를 정신없이 보고있어?
104201061	하하하…… 의욕 없어보이네. 발버둥쳐봐—.
104201062	응, 드디어 놀아줄 마음이 생겼구나.
104201063	그럼 나도 제대로 상대해줄게!
104201064	하하, 설마 도망치려고?
104201065	그래, 이렇게 나한테서 도망치려면 놔줄게.
104201066	당신이 서있던 지면이 기울어집니다!
104201067	자자, 도망치고 싶었던 거 아니었어?
104201068	내 손에 매달려서…… 귀엽네……
104201069	이 손이 [player][kun]을 거의 찌부러뜨릴 뻔한 손이야~?
104201070	하지만, 조그만한 [player][kun], 이 손에 의지해야 하네.
104201071	아, 귀여워……, 너무 귀여워……!
104201072	앨리스의 손은 거의 사람이 버틸 수 없는 기울기를 넘어갑니다……!
104201073	아차차……
104201074	앨리스의 왼쪽 손이 당신을 잡습니다.
104201075	부드럽고 따뜻합니다. 그녀의 관심 덕분에 상처는 치명적이지 않았습니다.
104201076	살았다는 표정이네.
104201077	하지만 넌 방금 내 손에서 손으로 떨어졌지—♪
104201078	아무것도 바뀐게 없는데 안심하고 있네……
104201079	나는 나쁜 거인이야, 그리고 너를 먹을거야……♪
104201080	당신은 갑작스러운 힘으로 쓰러졌습니다.
104201081	그것이 앨리스의 손바닥 상승으로 인한 것이라고는 믿겨지지 않았습니다.
104201082	위치를 되찾을 기회를 갖기 전에 앨리스가 손을 기울입니다. 이전과 다른 점은 아래에 무엇이 있는지 입니다.
104201083	아—앙…….
104201084	엘리스의 입은 점점 가까워집니다..
104201085	그녀의 따뜻한 숨결이 당신의 숨결과 어우러집니다. 오라고 손짓하는 것 같습니다.
104201086	훗…… 후훗!
104201087	아하하! 장난이야!
104201088	한 번도 만난 적 없는 사람에게는 아무리 하고 싶어도 그러지 않을 거야!
104201089	……대부분은.
104201090	게다가, 나는 지금부터 [player][kun]과 좋은 친구가되고 싶어.
104201091	그래서 오늘은 널 쉽게 죽게 해줄게.
104201092	……아, 그러네. 여기 규칙을 모르는 것 같네.
104201093	음~ 설명하는 것보다 체험하는 게 빠르겠지?
104201094	이번에는 앨리스의 손이 무자비하게 흔들렸다.
104201095	당신은 땅바닥에 쓰러졌고, 잠시 후 타는 듯한 통증이 당신을 강타했습니다.
104201096	뼈가 부러진거 같습니다. 그것도 여러군데.
104201097	아— 착지도 잘 못하는구나.
104201098	뭐, 점점 익숙해지는게 좋아ー♪
104201099	그럼, 잘자.
104201301	안녕. 죽어본 느낌은 어땠어?
104201302	당신의 입장에서 그건 너무 담백해서 실감이 안갈 지경이었습니다.
104201303	아픔을 느낄 겨를도 없는 즉사였을겁니다.
104201304	기억하고 있는 것이라고 하면 시야가 그녀의 신발 밑창에 가득 찬 후……
104201305	이루 말할 수 없는 행복감 같은것에 휩쌓였습니다.
104201306	이것이 죽음이라는 것일까.
104201307	그렇다면 왜 지금 살아있는지 전혀 짐작이 가지 않습니다.
104201308	아하하, 혼란스러운가보네……
104201309	그러니까…… 이쪽 세계에서 소인은 죽지 않아.
104201310	정확히는 죽으면 두께를 잃고 납작해져.
104201311	그러고 조금 있으면 원래대로 돌아가서 건강해지는 거야.
104201312	그녀의 말을 듣고, 당신은 짓밟히기 전보다 더 기력이 넘친다는 것을 깨닫습니다.
104201313	우리 거인에 놀면 대체로 편하게 죽을 수 있어서 인기가 많아—.
104201314	밟혀 죽을 때, 굉장히 기분이 좋다는 말도 있고……
104201315	앨리스의 설명에 당신은 전율을 느꼈을지도 모른다.
104201316	마사지 감각으로 죽고 재충전하는 세계라고 하니까.
104201317	하지만, 그것이 기분 좋은 것인 것은 조금 전 몸소 경험해 버렸다.
104201318	그래서, [player][kun]도 피곤하거나 하면 언제든지 나한테 오라구?
104201319	팍! 하고 짓밟아줄게.
104201320	……그전에, 좀 놀아달라고 할지도 모르지만.
104201321	나는 이 마을 어디에나 볼 수 있다고 생각하니까 발밑으로 오면 돼.
104201322	그럼 나 다른 애들한테도 인사하고 올테니까 이따 봐!
104201323	잘 부탁해, [player][kun]!
104120201	응? 뭔일이야?
104120202	놀아줬으면 좋겠어?
104120203	네
104120204	아니오
104120205	에헤헤, 좋아!
104120206	그래? 다음에 봐!
104120207	그러면 술래잡기 하자!
104120208	내가 지금부터 10까지 셀테니까 그사이에 도망쳐봐!
104120209	하아나
104120210	두울
104120211	세엣
104120212	네엣
104120213	다아섯
104120214	여어섯
104120215	이일곱
104120216	여어덟
104120217	아아홉
104120218	열!!
104120219	좋아, 지금부터 찾는다?
104120220	지금부터 1분정도 쫓아갈테니 힘내!
104120221	쿵, 쿵!
104120222	아하하, 도망쳐봐—! 뭉게버린다—♪
104120223	에잇!
104120224	거깃!
104120225	뒤에 있어도 소용없어!!
104120226	콰앙!!
104120227	우, 좀 하는데……
104120228	에헤, 내 승리!!
104120229	너무 쉬운거 아니야?
104120230	그래도 또 놀아줬으면 좋겠어!
104120231	꽤 열심히 했네! 내가 훨씬 큰데.
104120232	즐거웠어, 또 놀자!
104120233	음, 슬슬 시간인가?
104120234	[player][kun], 강하네……! 항복, 항복!
104120235	내가 졌어!
104120236	그래도 다음에는 지지 않으니까, 또 놀아줬으면 좋겠어!
104120101	너무 발밑에 있으면 밟아버린다고?
104120801	오, [player][kun].
104120802	들었어, 걸리버랑 야한 놀이했지.
104120803	나 몰래.
104120804	아, 별로 화내는 건 아니야.
104120805	근데 걸리버도 [player][kun]이랑 놀고 싶으면 [player][kun] 몸이 부족하잖아?
104120806	그래서 어느 쪽이 [player][kun]과 놀 권리가 있는지 걸리버와 결투하려고 해!
104120807	어때? 보고싶어?
104120808	네
104120809	아니오
104120810	히히, 좋아! 우리의 승부, 잘 봐줘!
104120811	에이 모처럼 승부인데 아무도 안보면 재미없어!
104120812	또 걸리버랑 거대화해서 놀려고 하는데……
104120401	오, [player][kun]!
104120402	……혹시 팬티 보고있어?
104120403	너무 작고 귀엽다……
104120404	치마 밑이라 안보이는데…… 아직 팬티 보고있어?
104120405	아니, 내가 커다랗기 때문에 팬티가 보이는 것은 어쩔 수 없지만……
104120406	보여지는 거랑 보여주는 거는 살짝 다르다고?
104120407	제대로 말만 하면 얼마든지 보여줄게. 알겠지?
104120301	아, [player][kun]!
104120302	나? 걷다 지쳤으니 잠시 휴식~
104120303	…… 조용하네.
104120304	이렇게 있는 것도 나쁘진 않네.
104120305	저기 [player][kun], 괜찮으면 얘기 좀 할래?
104120306	나, 이렇게 보여도 꽤나 외로워.
104120307	나는 크고 강하지만, 그래서 가끔은 외로울 때가 있어.
104120308	지금은 아오이짱이랑…… 그러니까, 저와 같은 거인 친구들이 몇 명 있어.
104120309	그 아이들과 함께하지 않으면 어쩔 수 없이 외로워지는 거지.
104120310	하지만 왠지 [player][kun]과 함께 있으면 마음이 편안해져.
104120311	왜 그럴까? 아오이쨩과 같은 저쪽 세상에서 왔기 때문일까?
104120312	…………모르겠어.
104120313	하지만 내가 외로울 때 곁에 있어주면 좋겠어.
104101001	야호, [player][kun].
104101002	그런 곳에서 뭘 하고 있는 걸까나?
104101003	여자아이의 신발 속에 들어가서 무엇을 하려고 했을까나?
104101004	……
104101005	[player][kun], 변태.
104101006	아하하, 미안미안. 거짓말이야!
104101007	하지만 내가 눈치채지 못했다면 [player][kun], 그대로 신었을 거라고?
104101008	아니면…… 그런 걸 원하는걸까~?
104101009	신발보다 양말로 밟히고 싶다고요?
104101010	부끄러워하지 않아도 된다고?
104101011	나도 그런 걸 좋아하니까.
104101012	자, 봐봐?
104101013	앨리스쨩의 발이라고~?
104101014	이 발이 이제부터 [player][kun]과 함께 신발을 신게 될 거야.
104101015	그러면 어떻게 될까나~?
104101016	후후, 나도 기대되.
104101017	에잇!
104101018	아하하! 왜그래?
104101019	나는 아직 신발 입구에 발을 넣은거 뿐이라고~?
104101020	후후, 무서워졌어?
104101021	나는 즐거워지기 시작했는걸.
104101022	[player][kun]이 내 신발 속에…… 후후……
104101023	흠……
104101024	잡았다~♡
104101025	[player][kun]의 몸, 따뜻해……
104101026	…… 혹시 떨고 있어?
104101027	괜찮아, 죽어도 죽지 않으니까.
104101028	나도, 너도, 많이 느끼는걸.
104101029	[player][kun]이 몇 번이나 짜부러질거를……!
104101030	앨리스의 발끝이 당신의 몸을 꽉 누른다……!
104101031	그녀가 조금만 발끝에 힘을 주면 당신의 폐 안 내용물이 모두 밀려나와 버린다.
104101032	네, 휴—식.
104101033	한껏 숨을 들이마신다. 폐로 들어온 공기는 앨리스의 땀으로 무겁고 축축해, 당신은 숨을 헐떡거렸다.
104101034	그래도 숨을 쉴 수 있을때 쉬어둬야 했다. 그녀는 휴식이라고 했다.
104101035	괜찮아? 계속 할까?
104101036	앨리스의 발가락이 다시 한 번 당신을 누른다. 이번에는 숨을 쉴 수 있을 정도의 힘으로.
104101037	앨리스는 당신을 어느 정도 배려하는 것 같았다.
104101038	하지만 숨쉬는 공기에 섞인 앨리스의 땀은 아까보다 더 짙어지고, 냄새는 더 강렬해진다.
104101039	후후…… 알 수 있다고? [player][kun]이 열심히 숨 쉬고 있는거…….
104101040	폐가 앨리스에게 침범당하고 있다.
104101041	저기, 어떤 기분이야?
104101042	당신의 몸은 앨리스에게 범해집니다.
104101043	여자애에게 힘으로 밀리면서…… 억지로 발냄새를 맡는다고?
104101044	뇌가, 마음이, 앨리스에게 범해집니다.
104101045	굴욕적이야? 아니면…… 즐거워?
104101201	굴욕
104101202	그래, 그렇구나…….
104101203	하지만 나…… 그렇게 분해하는 남자를 억지로 꾸욱 눌러주는게 너무 좋아!
104101204	에잇, 꾸우우우우우욱!!
104101205	방금 전에 비해 무자비한 압박이 당신을 덮친다……!
104101206	마음 한구석에서 왠지 모를 분노가 느껴지는 무자비함으로…….
104101207	하지만 그 의미를 생각해 볼 여유가 없었다.
104101208	이미 비워진 폐가 납작하게 찌그러진다. 그것을 지키는 갈비뼈 하나하나도.
104101209	아하, 찌부러졌다!
104101210	하지만 본방은 아직이라고!
104101211	너랑 나 사이의 차이를 보여줄게!
104101301	즐거움
104101302	큭큭. 변~태♡
104101303	……그래도, 나도 즐거움, 일까나.
104101304	아무것도 아니야, 신경 쓰지 마.
104101305	그런 변태에게 내 냄새를 듬뿍 묻혀줄게!
104101306	한동안은 못 잡을 정도로!
104101307	에잇, 에이잇!
104101308	앨리스의 발가락에 꾹꾹 눌러지고, 양말 사이로 스며든 땀이 온몸에 새겨진다.
104101309	말과는 달리 어딘지 모르게 다정다감하고 포근한 느낌.
104101310	어때? 기분 좋아?
104101311	후후…… 이 정도면 딱 좋았을까?
104101312	하지만 본방은 지금부터라고!
104101046	내 평소 크기는 이정도지만……
104101047	사실 더 커질 수 있어!
104101048	후훙, 흥분되지 않아?
104101049	간다~?
104101050	후훙, 산보다 더 커져버렸다.
104101051	지금이라면 신발 속에 도시를 넣을 수 있을까나?
104101052	아하하, 작은 [player][kun]는 모르겠지~
104101053	실제로 걸어보면 알 수 있을지도!
104101054	내 신발 뒤꿈치까지 걸어가 볼래?
104101055	[player]구—운? 정말 걷고 있어~?
104101056	어—이! 여기로 와보라니까?
104101057	너무 넓어서 포기했어?
104101058	무우, 한심하네…… 그럼 내가 먼저 갈게.
104101059	에잇!!
104101060	네, 도착.
104101061	아하하, 1번 죽었네!
104101062	내 신발에 떨어졌을 뿐인데……
104101063	[player][kun]은 내 발가락에서 떨어져도 죽을 정도로 작구나.
104101064	자, 자, 힘내!
104101065	겨우 절반 정도? 이제 겨우 발 한가운데인가?
104101066	긴 언덕길, 힘내 ♪
104101067	히힛, 잘했어. 산행이 좀 힘들었지?
104101068	자, 봐봐?
104101069	[player][kun]이 열심히 걸어온 이 신발을 내가 신어버릴 거라고?
104101070	그렇게 생각하니…… 왠지 모르게 흥분해버리네……
104101071	저기, 신어도 돼?
104101072	괜찮지?
104101073	아, 하지만 그냥 신는건 재미없으니까…… .
104101074	에잇!!
104101075	이제 재미있어졌지?
104101901	후훗, 뒤야!
104101902	봐봐? 재미있어 보이지?
104101076	그럼 신을게?
104101077	짓밟히고 싶지 않다면 열심히 도망가!
104101078	콰광! 앨리스쨩의 다리가 내려졌습니다~!
104101079	빨리 도망치지 않으면 죽는다고!
104101080	갸오~, 괴수씨야~!
104101081	으응…… 작은 집이 찌부러져서…… 기분 좋아……
104101082	나, 마을을 신고있어…… 후훗
104101083	[player][kun], 이제 알아차렸을까나?
104101084	어디까지 도망쳐도 내 신발 속이네~♪
104101401	……[player][kun], 도망치지 않는구나.
104101402	거기 있으면 뭉게져버릴거라구?
104101403	……나를 믿어주는걸까나?
104101404	아니면, 나한테 밟혀도 괜찮다는거, 일까……?
104101405	그 마음은 기쁘지만, 나는 [player][kun]과 함께 놀고 싶은걸~!
104101406	술래잡기, 하자?
104101085	처음부터 도망칠 수 없다는 거야!
104101086	에헤헤, 그래도 수고 많았어.
104101087	가장 깊은 곳까지 도망쳐갔네.
104101088	[player][kun]의 포기하지 않는 그 마음…… 나, 좋아해.
104101089	아, 방금 조금 두근거렸어!?
104101090	딱히, 사랑에 빠져도 상관없다고~?
104101091	……랄까나.
104101092	자, 그럼 끝낼까?
104101093	에잇!!
104101094	좋은 아침, [player][kun].
104101095	내 신발 속, 어땠어?
104101096	나는 재미있었어!
104101097	다시 가고 싶을 때는 언제든 와!
104101098	아, 아니면 내 신발 속에 살까?
104101099	아하하, 농담이야!
104101100	그러면, 다음에 봐~!
104120501	응……?
104120502	스커트 안에 누군가 있나……?
104120503	답하겠습니까?
104120504	한다
104120505	안한다
104120506	[player][kun]인가?
104120507	내 바지를 그렇게 좋아해?
104120508	네
104120509	아니오
104120510	아하하, 솔직해서 좋네!
104120511	좋아, 그렇게 좋아하면 마음껏 만지게 해줄게!
104120512	싫을 정도로, 네. …… 후훗♪
104120513	정말? 관심없나보네?
104120514	그럼 내가 지금부터 [player][kun]으로 야한 짓을 해도 괜찮겠지?
104102001	그럼 내 팬티를 잡고 있어?
104102002	무슨 일이야? 점프해서 붙잡아. 닿을 거 아냐?
104102003	어이쿠! 할 마음이 든 여자애를 놔두고 어디로 가는 거야!?
104102004	잘했어! 그럼, 간다?
104102005	영차……!
104102006	급가속으로 인해 당신은 거의 떨어질 뻔했다.
104102007	추락하면 어떻게 될지는 눈앞에 펼쳐진 땅까지의 거리를 눈으로 확인하면 쉽게 짐작할 수 있을 것입니다.
104102008	아하하, 어때? 놀랐어?
104102009	설마, 벌써 무서워……?
104102010	그럴 리가! 내 허리 높이인걸!
104102011	나 같은 어린 여자애의 엉덩이에서 떨어지는게 무서울…… 리가 없지 않아?
104102012	후후…… 그럼 이건 어때?
104102013	쿵! 쿵!
104102014	하하하! 흔들려?
104102015	무서워? 그만해줘?
104102016	안~돼!
104102017	[player][kun]은, 이제부터 나와 함께 이 마을의 공중 산책을 할 거니까!
104102018	나는 땅에 발을 디디고 있지만!
104102019	걱정마, 지루하지 않게 해줄게!
104102020	[player][kun], 잘 보고 있어~?
104102021	에잇!
104102022	봐라 …… 내 발이 작은 집을 짓밟는 모습을 특등석에서 볼 수 있겠지?
104102023	괜찮지?
104102024	쿵, 쿵!
104102025	아하하! 정말 쉽게 부셔져 버리니까 ……!
104102026	하지만, 이 바삭바삭하게 부서지는 느낌은 참을 수 없어…….
104102027	[player][kun]은 모르겠지?
104102028	내가 걷는 것만으로도 수많은 집을 짓밟아 버려……
104102029	그리고 아무도 나를 막을 수 없어.
104102030	이 압도적인 힘에 흥분되는 느낌…….
104102031	후후, [player][kun]은 이 힘으로 엉망진창이 되고 싶은 쪽?
104102032	그러니까 우리는 윈윈? 이라는 거죠!
104102033	여기, 잔뜩 보여줄게!
104102034	내가 이 힘으로 도시를 무너뜨리는 걸!
104102035	쿵, 쿵!
104102036	아하하하, 앨리스짱 괴수야~!
104102037	어때? 굉장하지?
104102038	흥분해줬어?
104102039	나는 엄청 흥분해버렸어……!!
104102040	이봐, [player][kun]. 나, 왠지 가려워졌어.
104102041	잠깐….. 어울려줘.
104103001	후후…… 수고했어, [player][kun].
104103002	하지만, 본방은 지금부터.
104103003	좀 더 놀아달라고?
104103004	내가 지금부터 무엇을 하려고 하는지…… 알겠어?
104103005	후후, 알고 있네.
104103006	이 집 지붕에~ 내 여기을 문지르는거야 ……!
104103007	응…….
104103008	아하, 좋은 느낌!
104103009	응…….
104103010	으응…….
104103011	하앗, 하아…….
104103012	뭔가, 평소보다 기분 좋아!
104103013	[player][kun]이 있기 때문일까……?
104103014	어때? 무서워?
104103015	내가 조금만 힘이 실으면 ……[player][kun]이 짜부려져 버리거든!
104103016	하아, 하아……!
104103017	내 여기로…… [player][kun]을 꾸욱하고…… 눌러버리고 싶어……!
104103018	……그래도 ……아직…… 좀 더…….
104103019	으으…… 참을 수 없어……!!
104103020	도망쳐! [player][kun]!
104103021	앗……♡
104103022	아하, 좋아좋아!
104103023	도망쳐……! 앨리스의 바지괴물에게서……!
104103024	아앙!
104103025	아하하, 좋아!
104103026	응……으응…….
104103027	격렬한거, 좋아해?
104103028	후아아……♡
104103029	[player][kun]…… [player][kun]을 원해……!
104103030	이제 그만 끝을 낼까♡
104103031	음, 너무 애태우는 것도 좋지 않다고!?
104103032	잠깐! 이제 좀 잡아줘!
104103033	알았어, 항복, 항복이야! 이제…… 다음 놀이, 할까?
104103034	에헤헤, 잡았다~♡
104103035	느껴져…… [player][kun]의 따뜻한 몸……
104103036	내, 여기에……!
104103037	앨리스의 가랑이가 당신을 꽉 조여옵니다.
104103038	당신도 마찬가지로 부드러운 천을 통해 앨리스의 체온을 느낄 수 있었습니다.
104103039	당신이 숨 쉬는 것은 무거운 이불처럼 덮여 있는 속옷에서 나오는 공기입니다.
104103040	그 공기는 그 너머에 있는 앨리스의 비밀의 장소가 어떤 곳인지 냄새와 습도로 알려줍니다.
104103041	이성을 잃게 만드는 그 냄새는 이 거대한 소녀가 한 명의 여성이라는 것을 의식하게 만듭니다.
104103042	읏, 응, 아, 아앗……!
104103043	그리고 앨리스도 당신을 조금은 특별하게 생각하는 것 같았습니다. 같은 인간으로 보고 있는지는 모르겠지만 말입니다.
104103044	당신이 있기에 그녀는 이렇게 거리에서 상스러운 모습을 드러내고 있는 겁니다.
104103045	방식은 비틀어져 있다고 해도, 그것은 당신과 앨리스 사이에 싹튼 어떤 유대감을 상징하는 것이었습다.
104103046	안 돼, [player][kun]을 부숴버린다……!
104103047	하지만…… 더이상은….…
104103048	당신을 밀어붙이는 힘이 더욱 강해집니다.
104103049	당신을 껴안고 있는 앨리스의 아래입술이, 천 너머로 보일 만큼 아슬아슬하게 떨리는 것이 보입니다.
104103050	나와버려……!!
104103051	읏…… 하아……하아…….
104103052	아하하, 나도 모르게 빠져들었네.
104103053	기분 좋았어, [player][kun].
104103054	……너라면, 이번엔 안쪽에 넣어줘도…….
104103055	으응, 아무것도 아니야!
104103056	또 보자!
104103057	그, 그럼 이만!
104104001	[player][kun], 술래잡기 잘해졌네……!
104104002	슬슬, 레벨업 해볼까?
104104003	네
104104004	아니오
104104005	아하하, 좋아! 그런 도전적인 느낌, 나는 좋아해!
104104006	그래, 그럼 다음에 또 보자.
104104007	그럼, 시작해보자.
104202001	앨리스쨩 술래잡기, 하—드모—드!
104202002	내가 지금부터 [player][kun]을 짓밟아 버릴 테니 열심히 도망쳐 봐!
104202003	하지만 평소와 같은 술래잡기가 아니야~?
104202004	내가 쿵! 해버릴 수 있는건 5번까지!
104202005	그리고 나는 여기서 한 발짝도 움직이지 않을 거야!
104202006	후후, 간단하지?
104202007	그럼, 시—작!!
104202008	에잇!
104202009	후후, 처음은 간단하게.
104202010	하지만 다음은 어떨까?
104202011	에잇!
104202012	아하하, 알겠지?
104202013	그런 거야~!
104202014	나는 걷지 않아도 [player][kun]을 쫓아갈 수 있어!
104202015	자자, 빨리 도망쳐야지…….
104202016	쿠궁!
104202017	아하하, 점점 더 어려워질거야!
104202018	앞으로 2번! 도망칠 수 있을까나?
104202019	앨리스쨩의 하이힐이 올라갑니다~!
104202020	[player][kun], 대위기!
104202021	콰광!!
104202022	꽤나 잘하네! 하지만 다음에는 어떨까?
104202023	후후, 난쟁이님의 1000배라고!
104202024	내가 서 있는 것 만으로도 마을이 망가져!
104202025	[player][kun]의 발로, 도망칠 수 있을까나?
104202026	자, 봐봐!
104202027	앨리스쨩의 신발이 하늘 가득 펼쳐져 있지 않아?
104202028	어때요? 대단한 박력이지?
104202029	후후…… 기다려줘도 괜찮지?
104202030	음, 그럼 5초만 기다려 줄게!
104202031	난쟁이님들은 그 사이에 도망가!
104202032	오오
104202033	사아
104202034	사암
104202035	이이
104202036	이일!
104202037	콰아아아아앙!
104202038	아하하! 내가 이겼네!!
104202039	근데, 어라……?
104202040	[player][kun], 도망쳤어……!
104202041	아차, 너무 커졌을까나…….
104202042	으응, 열심히 했어!
104203001	그럼 다음에는 [player][kun]이 술래를 해줬으면 좋겠어.
104203002	나를 만져줬으면 좋겠어.
104203003	봐봐, 여기를.
104203004	하지만 그냥 평범하게 하는 것 만으로는 재미없으니까
104203005	이렇, 게!
104203006	후후 …… 난쟁이님보다 더 작아졌네.
104203007	그럼, 열심히 해봐!
104203101	저기, 우리보다 작은 사람이 있네요……
104203102	음~? 당신은 ……[player]님이 맞나요?
104203103	저거…… 난쟁이님이에요.
104203104	어라? 귀여워요……!
104203105	재미있을 것 같은게 있어요…….
104203106	왜 그렇게 작아졌어요……?
104203107	재미있어 보이는걸 찾았어요!
104203108	아하하, 도망쳐라, 도망쳐! 라고 할까나!
104203109	쿵, 쿵!
104203110	후후, 거인이에요~!
104203111	귀여운…… 꾸욱 해주고 싶어져요…….
104203112	당신한테는 내가 앨리스처럼 거인처럼 보이는 걸까요? 조금 설레네요…….
104203008	겨우 절반 정도?
104203009	후후, 장난 좀 쳐볼까나?
104203010	자, 봐봐!
104203011	흠흠, 내가 얼마나 큰지 알겠어?
104203012	지금 나는 한 손으로 마을을 부술 수 있을 정도로 커졌어!
104203013	그에 비하면 [player][kun]은 아까까지 같은 크기의 여자애들한테도 짓밟힐 정도로 작다고……?
104203014	내가 손끝으로 쉽게 찌부러뜨릴 수 있는 난쟁이들보다 더 작다.
104203015	후후…… 오싹오싹해져.
104203016	자, 자, 자, 더 힘내! 그 작은 몸으로……!
104203017	내가 지켜봐 줄게!
104203018	이렇게 열심히 하고 있는데, 내 손가락 하나만큼 진척도 없다니…….
104203019	[player][kun], 너무 느린 거 아니야~?
104203020	여자애를 너무 기다리게 하면 안 돼요~?
104203021	………….
104203022	무우…… 지루해
104203023	이제 그만, 그만하자!
104203024	잘자, [player][kun].
104203025	대단해, 도착했어!
104203026	작은 몸으로 힘냈구나!
104203027	칭찬해주고 싶은데…… 그렇게 작으면 뭘 해도 죽어버릴걸?
104203028	음……
104203029	아니, 보상은 다음에!
104203030	에헤헤, 그게 뭔지 궁금하다면 기대해봐!
104203031	그럼 또 놀자!
104203032	바이바이!
104120701	음……
104120702	아……
104120703	하아…… 하아……
104120704	좋아……
104120705	좀더……!
104120706	응……?
104120707	어라, [player][kun], 있었어……?
104120708	음…… 보고, 있었네…….
104120709	어차피 보고 있었다면…… 더 좋은 일, 하지 않을래?
104120710	네
104120711	아니오
104120712	에헤헤…… 그럼…… 해버릴까?
104120713	잠깐~! 여자애가 먼저 다가가서 유혹하고 있잖아~!
104120714	음, 그럼 다음에 또 보자…….
104204001	와줘, [player][kun]…….
104204002	흐응……!
104204003	거깃……!
104204004	아……♡
104204005	아앙!!
104204006	좀 더, 빨리, 부딪혀줘!
104204007	더……!
104204008	……어떻게 해야 하는지 알겠어? 이런 거 처음이야?
104204009	나를 기분 좋게 해줘…….
104204010	후후……[player][kun]의 전력, 내 여기서 잘 느껴져…….
104204011	하지만 [player][kun]……. 나, 그것 만으로는 만족할 수 없어……!
104204012	……뭘 할지 알겠어……?
104204013	에헤헤……이렇게!
104204014	응……츄…….
104204015	앨리스의 따뜻한 혀가 당신의 몸을 감쌉니다.
104204016	꿀처럼 진한 타액을 몸에 충분히 머금을 수 있도록.
104204017	베에…… 하아…….
104204018	후후, 좋은 느낌.
104204019	먹히는 줄 알았어?
104204020	에헤헤, 먹어도 좋았겠지만…….
104204021	너를 먹어 치울 건 이쪽 입이야……!
104204022	흣!
104204023	들어……갔다……!
104204024	앗……♡ 우웅……♡
104204025	앨리스의 부드러운 질벽이 당신의 몸을 꼭 껴안습니다.
104204026	그것은 꿈틀거리고 꿈틀거리며, 당신의 몸을 그 벽 전체로 맛보는 듯합니다.
104204027	[player][kun]이 내 안에……!
104204028	앨리스가 당신을 느끼면 느낄수록 당신을 안아주는 부드러운 살이 쪼글쪼글하게 수축합니다.
104204029	그 힘은 포옹과 같은 사랑스러운 것이 아니라 폐의 내용물을 모두 밀어내어 뼈가 으스러질 정도로 강렬합니다.
104204030	아하하…… 뭉게버렸면 미안해.
104204031	당신이 고통에 몸부림치는 모습을 앨리스는 느꼈을 것입니다.
104204032	하지만 그녀의 질은 당신을 맛보는 것을 멈추지 않습니다.
104204033	씹는 것처럼, 삼키는 것처럼. 당신의 몸과 사랑을 나누고 있습니다.
104204034	응, 읏, 아, 아앗……!
104204035	[player][kun]……!
104204036	이름이 불려져도 대답할 여유가 없습니다.
104204037	조여지는 사이사이에 숨 쉬는 공기는 앨리스의 질 내 수분을 많이 함유하고 있어, 아무리 들이쉬어도 숨이 막혀서 숨이 막힙니다.
104204038	탈출하려고 해도 앨리스의 질은 당신을 꽉 껴안고 놓아주지 않는다.
104204039	앨리스는 분명 조금도 힘을 들이지 않았을 것입니다.
104204040	그럼에도 불구하고 그 압박감은 당신을 짓누를 수 있습니다.
104204041	당신 보기에 연하인 소녀가 질이 조금만 조여도, 아주 조금만 질이 조금만 조였을 뿐임에도.
104204042	절망적인 힘의 차이였습니다.
104204043	그리고 앨리스는 분명 그 힘의 차이를 즐기고 있을 것입니다…….
104204044	미안, [player][kun]……! 가,가버려……!!
104204045	읏…… 아……!!
104204046	하아…… 하아…….
104205001	아, 좋은 아침, [player][kun].
104205002	어땠어?
104205003	나는 기분이 좋았어!
104205004	너무 기분이 좋아서 조금 커졌어…….
104205005	하지만 아직 부족해…….
104205006	그래서 그 뒤…… 하자?
104205007	괜찮아, 이번엔 분명 힘들지 않을 거야!
104205008	[player][kun]이 들어있으니, 그거까지 넣어서……
104205009	그럼, 가자……?
104205010	응……
104205011	들어갔어…….
104205012	안쪽 전망은……읏, 어때?
104205013	하아…… 하아…….
104205014	흐응……!
104205015	응—응—♡
104205016	안쪽까지 닿아서…… 기분조아……♡
104205017	조금, 심하게 할게……
104205018	부딪히지 않도록 조심해…… 서……엇!
104205019	응
104205020	아..…
104205021	아앙……
104205022	좋아……
104205023	내 안쪽, 잔뜩 봐줘……!
104205024	내, 모든 것을 보고, 모든 것을 좋아해줘……!
104205025	읏……!
104205026	안돼! 망가뜨려 버려……! 가버려……!!
104206001	읏…… 응……
104206002	아, [player][kun], 일어났어……?
104206003	후후, 또 커졌어.
104206004	[player][kun], 좀처럼 일어나지 않아서 마을을 넣고 놀고있었어.
104206005	읏……
104206006	있잖아…… 내 안쪽…… 이제부터 엉망진창이 될 것 같아……!
104206007	그러니 열심히 도망쳐……!
104206008	뭉게지지 않도록 도망치세요.
104206009	읏……!
104206010	아흣……!
104206011	내 안쪽, 넓지 않아……?
104206012	읏……
104206013	아무리 도망쳐도 나한테서 도망칠 수 없어……
104206014	후후, 신발 속에 들어갔을 때도 이런 식이었지?
104206015	하지만 이번엔…… 정말 내 안쪽이야……♡
104206016	하지만…… 이번에도 포기하지 않고 끝까지 즐겁게 해주겠지?
104206017	[player][kun]……♡
104206018	읏
104206019	좀 더……
104206020	더 큰 거…… 원해에…….
104206021	음~…… 누구든 상관없어, 커져라!
104206022	읏…… 미안해…… 모처럼 커질 수 있었는데…… 장난감으로 해버렸어……!
104206023	내 안에서 마음껏 발버둥쳐봐……!
104206024	읏, 아앗……!
104206025	그래, 좋은 느낌……!
104206026	잘하네……!
104206901	히얏!
104206902	후후, 활기가 넘치네.
104206903	하지만 나는…… 그런 것에는 만족할 수 없을지도 몰라…….
104206904	미안해, 좀 난폭하게 할게……!
104206905	당신보다 수십 배는 더 큰 마을 여자의 거구가 땅이 울려 퍼지도록 앞뒤로 움직입니다.
104206906	이 마을 아가씨도 지금의 몸집으로 마을로 내려가면 괴수 같은 절대자가 될 수 있을 것입니다.
104206907	하지만 앨리스는 분명 그런 절대자보다 더 절대적인 힘에 취해 있을 겁니다.
104206908	그녀에게 거대하다는 것은 즐거움 그 자체입니다.
104206027	읏, 앗, 앗…… 아앗……!
104206028	간다…… 가버려……!
104206029	내 그걸로, 다 흘려보낸다……앗!!
104206030	응…… 아아앗!!
104206031	하아…… 하아……
104206032	아하하하하…… 좀 지나쳤나?
104206033	[player][kun]…… 끝까지 열심히 했구나…….
104206034	후후…… 잘했어.
104206035	……저기, [player][kun].
104206036	나는 커질 수 있으니까…… 다양한 난쟁이님을 여기에 넣고 놀지만……
104206037	이름과 얼굴을 아는 사람은 잘 넣지 않아.
104206038	음, 그래서…… 누구에게나 좋을 때가 있고 그렇지 않을 때가 있는데, 그……
104206039	으음, 말을 못하겠네……
104206040	어쨌든 나에게 [player][kun]은 누구든 상관없는 누군가가 아니야.
104206041	그래서….…
104206042	또 하자. [player][kun].
104120314	응……? [player][kun]……?
104120315	[player][kun], 내 다리가 신경 쓰여?
104120316	네
104120317	아니오
104120318	후후, 그렇구나.
104120319	그럼, 잠깐 놀아줄게!
104120320	에, 뭐야? 차가워~?
104207001	자~ 어떤 놀이를 할까~?
104207002	………….
104207003	음…… 싸움놀이, 뭐 그런 거?
104207004	그래서 지는 쪽이 이기는 쪽의 말을 다 들어주는거지!
104207005	……어라라~? 무슨 일이야?
104207006	[player][kun], 혹시 자신 없어?
104207007	나 같은 작은 여자애가 상대라고~?
104207008	아 …… 지금 치사하다고 생각했지?
104207009	치사하지 않다고~? 이 크기도 내 실력의 하나니까!
104207010	들어오라구? 손대중은 해줄테니까!
104207011	당신은 앨리스의 엄지발가락을 힘껏 밉니다.
104207012	……꿈쩍도 안 하네.
104207013	아하하! 좋아, 좋아!
104207014	그럼 나도 간다!
104207015	왜 그래~? 나는 엄지발가락을 움직였을 뿐인데~?
104207016	…쿡…….
104207017	[player][kun], 여자애 발가락 힘도 이길 수 없어……
104207018	내가 이렇게…… 조금만 발가락을 올려놓기만 해도 아무것도 할 수 없게 돼….…
104207019	후후…… 귀여워….…
104207020	당신은 앨리스의 엄지발가락을 밀어내려 하지만 전혀 움직이지 않는다.
104207021	그 자체의 무게도 있지만, 무엇보다 수천 톤에 달하는 앨리스의 몸을 지탱하는 손가락입니다.
104207022	힘의 단위가 다릅니다.
104207023	……[player][kun], 포기했어……?
104207024	그럼…… 어쩔 수 없네에.
104207025	양말, 벗어줄게!
104207026	네, 이거 어때?
104207027	맨발이라면 조금은 느낄 수 있겠지?
104207028	당신은 다시 한 번 앨리스의 엄지발가락을 힘껏 밉니다!
104207029	팽팽하고 탄력이 넘치는 앨리스의 발가락은 당신의 몸을 받아 적당한 힘으로 밀어낸다.
104207030	살짝 촉촉하고 따뜻한 앨리스의 발가락. 그 포근한 느낌은 지금이 싸움놀이 중이라는 사실을 잊게 할 정도다.
104207031	아하하, 왜 그래~? 지금은 싸움놀이를 하고 있잖아~?
104207032	자, 더 열심히 해봐!
104207033	아핫! 아하하!
104207034	간지러워어~!
104207035	후후, [player][kun]이며언, 맨몸으로 해도 아프지 않겠네!
104207036	그럼 내 차례!
104207037	에이!
104207038	아하! 잡았다~!
104207039	꾸욱, 꾸우욱!
104207040	아하하, 어때? 괴로워~?
104207041	에헤헤~, 올라갑니다~!
104207042	자, 자, 무슨 일이야~? 빠져나오지 않으면 찌부러질지도 몰라~?
104207043	…… 벌써 항복?
104207044	에헤헤~, 그럼 내 승리!
104207045	으응, 어떻게 할까~?
104207046	음…….그러며언~………….
104207047	[player][kun], 핥아줘.
104207048	앨리스의 발바닥이 당신의 온몸을 뒤덮습니다. 그 압도적인 질량은 당신에게 선택권을 빼앗았습니다.
104207049	시키는 대로 혀를 내밀면 신맛과 짠맛, 그리고 소녀의 땀 냄새가 입안 가득 퍼집니다.
104207050	후후, 그래. 그대로 핥짝핥짝해줘……
104207051	…… 무슨 일이야? 내 발, 신경 쓰였지?
104207052	멈추지 말고…… 계속……!
104207053	좀 더……!
104207054	대단해, 기분 좋……을지도……!
104207055	읏
104207056	앗……!
104207057	히얏!?
104207058	좀 더 친절하게 해줘……
104207059	더, 더 많이 핥짝핥짝해줘……!
104207060	발가락 사이라든지…… 응……?
104207061	방금 전보다 더욱 짙어진 냄새가 당신을 감싸고 있습니다.
104207062	앗, 아읏……!
104207063	좋은 느낌……!
104207064	[player][kun], 잘하네……!
104207065	읏…… 아아……앗!
104207066	안 돼, 커져버려……!
104207067	하아…… 하아…….
104207068	더, 더 많이 핥아줬으면 좋겠어….…
104207069	하지만, 이대로라면 [player][kun]이 없어질 것 같아…….
104207070	………….
104207071	에헤헤…… 좋은 생각 났어!
104207072	이렇,게!!
104207073	양말의 천이 당신을 받아들입니다. 앨리스의 땀이 스며든 따뜻하고 촉촉한 천이.
104207074	이 정도면 [player][kun]이 없어지지 않겠네!
104207075	저기, [player][kun]. 앞으로 어떻게 될지 알겠어?
104207076	알고 있겠지?
104207077	[player][kun]이랑 양말을 신어 버리는 거야 ……!
104207078	양말 안에서는…… 어떤 모습일지 궁금하네……
104207079	무서워? 벌써 익숙해졌어?
104207080	괜찮아, 양말이라면 분명 찌부러지지 않을 테니까.
104207081	그러니 안심하고 …… 내 발을 핥짝핥짝 해줘.
104207082	자, …… 핥아줘?
104207083	[player][kun]이 좋아하는, 내 발이야.
104207084	읏….…
104207085	후후…… [player][kun]의 작은 혀, 기분 좋아……
104207086	히야앗……!
104207087	[player][kun]이 내 양말 속에서…… 나를 위해……
104207088	읏, 앗….…
104207089	커져버려……!!
104207090	하아, 하아……
104207091	이렇게 커지면…… 더 이상 혀로 기분 좋게 할 수 없을지도……
104207092	[player][kun]의 몸으로 나를 기분 좋게 해주었으면 좋겠어……
104207093	발가락 사이라던지!
104207094	점프! 닿지 않아?
104207095	읏……
104207096	그래, 좋아……!
104207097	힘내……!
104207098	읏, 또…… 커져버려!
104207099	포기하지 말고, 계속……!
104207100	앗
104207101	좋아……!
104207102	응…… 안돼……!
104207103	아, 미안해…… 너무 커졌나?
104207104	이러면 어때? 닿겠어?
104207105	읏….…
104207106	히양!
104207107	참자, 참아……!
104207108	후우……
104207109	저기, 새끼발가락도 부탁해…!
104207110	키얏!
104207111	앨리스가 아찔한 쾌감에 반응해 발을 살짝 들어올렸습니다. 당신은 그 바람에 끌려 넘어지면서 앨리스의 양말과 발 사이에 완전히 끼어 버렸습니다.
104207112	양말의 장력과 앨리스의 다리의 탄력이 당신을 단단히 붙잡아 놓지 않습니다.
104207113	본인은 그럴 생각이 없었을지 몰라도, 그 압박감은 폐 속 공기를 짜내기에 충분했습니다.
104207114	이전과 똑같이, 숨쉬는 공기는 앨리스의 땀으로 축축하지만 그 농도는 이전과는 비교할 수 없을 정도로 진합니다.
104207115	아하, 아하하! 잠깐, [player][kun]! 간지럽다니깐!
104207116	앨리스는 당신이 좋아서 여기 머물고 있다고 생각하는 것 같습니다. 양말이 만들어내는 압박감에서 벗어날 수 없을 거라고 생각지도 못한 것 같습니다.
104207117	뭐어, 그렇게 내 발이 좋아……?
104207118	그 대답의 옳고 그름을 떠나서, 앨리스의 양말은 늪처럼 당신의 의식을 끌고 갑니다.
104207119	산소가, 없습니다. 폐가 앨리스의 땀으로 채워집니다. 당신의 마음도, 몸도, 앨리스로 가득 차게 됩니다.
104207120	하아, 귀여워, [player][kun]은……
104207121	한숨과 함께 흘러내리는 중얼거림이 멀리 들리며, 당신의 의식은 어둠 속으로 가라앉습니다.
104207122	아, 일어났다.
104207123	미안해, 기절했을 줄은 몰랐어……
104207124	사실 좀 더 쉽게 뭉게버릴 수 있었는데.
104207125	그래도, 기분 좋았어~……
104207126	[player][kun], 내 발가락 청소부가 되어줄래?
104207127	………… 아하하, 농담이야!
104207128	하지만 가끔은 핥짝핥짝 해주면 좋겠어.
104207129	그럼 또 만나!
103201001	어머, …… 귀여운 손님이네요.
103201002	그 마을에서, 길 잃어서 왔겠지?
103201003	아, 무서워하지 마세요. 괜찮아요, 먹지 않으니까요.
103201004	저는 걸리버, 앨리스의 가장 친한 친구에요.
103201005	그리고 당신은 아마 ……[player][kun], 맞죠?
103201006	요즘 앨리스가 새로 친구가 된 난쟁이에 대한 이야기를 들려줘요.
103201007	그래서 궁금해서. 어떤 아이인지 보고 싶어서요.
103201008	후후, 앨리스가 말한 대로 귀여운 아이네요.
103201009	…… 그래서 앨리스와는 어디까지?
103201010	키스? 아니면……
103201011	…… 후후, 그 모습을 보니 나름대로 여러 가지를 한 것 같네요.
103201012	……그래도.
103201013	저와 함께라면 더 즐거운 일을 할 수 있어요……?
103201014	큰 언니와 좋은 일 하자……?
103201015	…………왜 그런가요? 앨리스가 걱정되시나요?
103201016	괜찮아요, 앨리스에게서 당신을 빼앗을 생각은 전혀 없어요. 잠시 동안만 빌리는 것 뿐이에요.
103201017	그러니까, 네……? 내 곁으로 오세요…….
103201018	그래, 착하네요.
103201019	내 가슴에 오신 것을 환영해요…….
103201020	후후, 보잉보잉, 이랄까?
103201021	어때요? 크지 않나요 ……?
103201022	앨리스에게는 없는 어른의 매력이죠.
103201023	만져도 되나요?
103201024	…… 어때요?
103201025	후후, 이렇게 두툼한 옷으로는 잘 모르겠네요.
103201026	이걸로, 이런 것으로 만족하나요……?
103201027	그럴 리가, 없죠?
103201028	…… 만져보고 싶으신가요? 내, 가슴…….
103201029	네
103201030	아니오
103201031	후후, 정직한 아이를 좋아해요.
103201032	그런 ……! 정말 ……? 이상하네요…….
103201033	내 가슴에 끌리지 않은 난쟁이님은 거의 없을 텐데요……
103201034	다시 한 번 묻습니다. 내 가슴, 만져보고 싶죠?
103201035	잠깐! 여자애가 먼저 다가가서 유혹하고 있잖아요!?
103201036	받아들이는 것이 신사라는 것에요!
103201037	한 번 더, 한 번만 더 물어볼게요!!
103201038	내 가슴을 만져보고 싶지 않아요!?
103201039	그래, 그렇게 하면 돼요.
103201040	꿀꺽.
103201041	왜요~! 만져주세요……. 기분 좋아지고 싶어요…… 제발 부탁 드립니다…….
103201042	그렇게 앨리스쨩이 좋으세요?
103201043	………… 알겠습니다. 당신의 의지를 무시하고 저와 이런저런 일을 하게 할 수는 없어요.
103201044	그래서 권한을 사용하도록 할게요.
103201045	으흠. 그럼 다시 한 번 묻겠습니다. 내 가슴을 만지고 싶으세요?
103201901	네
103201902	네
103201903	네
103201904	네
103201905	네
103201046	좋아요.
103201047	네, 강제에요. 당신은 지금 이야기의 강제력에 사로잡혀 있어요. 도망칠 수 없어요…….
103201048	그럼 옷 벗을게요…….
103201049	어때요? 귀여운 속옷이지요?
103201050	후후, 당황하지 말아요.
103201051	우선, 내 가슴의 크기를 알려줄게요.
103201052	이게 뭔지 아시겠어요?
103201053	네, 집이요. [player][kun]이 살 수 있는 진짜 집이에요.
103201054	자, 내 가슴과 비교해 보세요.
103201055	어느 쪽이 더 클까요 ……?
103201056	좋은 승부가 될지도 모르겠네요.
103201057	하지만 이쪽의 승부는 어떨까요?
103201058	내 가슴과 난쟁이의 집, 어느 쪽이 더 강할까요?
103201059	가볼까요~? 잘 지켜봐 주세요?
103201060	으읏……!
103201061	후후…… 보셨어요? 내 가슴, 그 무게만으로도 집이 무너져 버렸어요.
103201062	힘은 내 가슴의 압승, 이군요.
103201063	설레고 있습니까? 나는 뜨거워졌어요 ……!
103201064	후후, 그럼…… 이것도 벗어버릴까요?
103201065	자, 보세요.
103201066	내 가슴…….
103201067	모양과 크기에는 자신이 있습니다. 하지만……
103201068	부드러움도 마찬가지에요.
103201069	후후, 아직은 '기다려' 에요.
103201070	아까는 집을 부숴버렸는데…… 그럼 이 사이에 끼워지면 어떻게 될 것 같나요?
103201071	이 등대를 …… 이렇게 …….
103201072	자, 뭔가 좀 에로하지 않나요?
103201073	꾸욱, 꾸우욱…….
103201074	이렇게…… 위로……, 아래로…….
103201075	어때요? 더 이상 참을 수 없게 되었나요……?
103201076	그러면, 해볼까요?
103201077	에잇!!
103201078	아, 부셔버렸어요.
103201079	[player][kun], 괜찮아요?
103201080	아직 '가지' 않았죠?
103201081	후후…… 많이 맡겨버렸으니까요.
103201082	하지만 이제 됐어요.
103201083	'좋아요'에요. 오세요……!
103201084	음, ……! 후후, 그래. 그렇게 해도 괜찮아요.
103201085	그런데, [player][kun]. 난 난쟁이의 작은 몸으로 봉사하는 것을 좋아해요…….
103201086	봉사, 해줄래요……?
103201087	앨리스가 말하길, [player][kun]은 혀가 좋다고 했어요.
103201088	나도 해주세요……!
103201906	무슨 일이세요? 이런 건 처음이신가요 ……?
103201907	빨리이, 빨리 핥아주세요…….
103201908	…………하하! 이게 방치형 플레이라는 건가요……!
103201909	꺄앗! 좀 더 친절하게 부탁드려요……!
103201910	음, 조금 부족하네요……
103201089	……읏!
103201090	정말, 잘하네요……!
103201091	하으읏!
103201092	아앙……!
103201093	아흣……
103201094	하아, 하아…… 어때요? 내 가슴…….
103201095	집을 부수고, 등대를 뭉갤 수 있는 가슴을 독차지하고 있는 거에요……?
103201096	흥분되지 않나요……?
103201097	저, 저는……, 정말로 흥분되어요!
103201098	하으……!
103201099	히얏……!
103201100	읏, 앗, 갈거같아……!
103201101	가, 가버려요……읏!!
103201102	읏……아……!
103201103	…..…
103201104	하아, 하아……..
103201105	좋았어요. [player][kun]
103201106	………….
103201107	아, 당신을 빌린 건 나중에 앨리스짱에게 잘 말해 두겠습니다.
103201108	괜찮아요, 우리가 좋아하는 난쟁이를 공유하는 것은 우리들 사이에서 흔히 있는 일이니까요.
103201109	…… 이번엔 사후 승낙이 되어 버렸지만요.
103201110	아, 그리고. 여기는 제 방인데, 아직은 꼬마 손님들을 초대할 준비가 덜 된 것 같아서요.
103201111	제 친구가 준비해준 방인데…… 정말 얼마 전에 받은 거라서요.
103201112	그래서 준비가 되면 다시 한번 알려드리도록 할게요.
103201113	그럼, 나중에 봐요.
104208001	그.래.서!
104208002	호출되어서 왔어요…….
104208003	이 정도 크기로 이야기하는 건 오랜만이네, [player][kun].
104208004	평소의 50분의 1, 난쟁이님 사이즈네요.
104208005	왜 이 크기인지 알겠어~?
104208006	그래, 지금부터 시작하는 결투는……
104208007	거대화 전쟁이에요!
104208008	거대화는 작은 것부터 시작하는 것이 더 재미있으니까!
104208009	변화가 쉽게 느껴지니까요.
104208010	그래서 [player][kun]에게는 지금의 크기를 잘 기억해 달라고 부탁할게요.
104208011	그래~ 잘 기억해 둬!
104208012	[player][kun]과 같은 크기라면 내가 더 작아!
104208013	그리고 같은 사이즈인데도 제가 [player][kun]보다 더 크네요.
104208014	후후, 작아서 귀엽네요……
104208015	에잇, 꾸욱!
104208016	아, 걸리버 치사해! 나도~!
104208017	에헤헤, 양손에 꽃이라니 행복하겠네!
104208018	…………결투라고 하면서 [player][kun]을 놀리는 모임이 될 것 같네요.
104208019	응~? 무슨 뜻일까나~?
104208020	어라라라? 우후후……
104208021	아, 규칙은 평소대로 해도 돼?
104208022	음~ 이번엔 ……[player][kun]을 생각하면 생각할수록 커지는 거, 어때?
104208023	후후, 좋아요.
104208024	괜찮아? 내가 이길 거야~?
104208025	자, 그럼 어떻게 될까요? 방심은 금물이에요.
104208026	그럼, 나부터네!
104208027	간다~!
104208028	후후, 우선은 조금씩, 이네……..
104208029	[player][kun], 와줘.
104208030	자, 높지~?
104208031	봐봐! 저렇게 키가 컸던 걸리버가 이렇게 작아졌어.
104208032	후후, 하지만 이건 아직 시작에 불과하죠?
104208033	물론! 다음은 걸리버의 차례다!
104208034	네, 그럼 바로 시작할게요.
104208035	으읏…… 하아…….
104208036	후후, 방금 전의 10 배 정도는 되어보이지 않아요?
104208037	우우, 꽤나 잘하네!
104208038	앨리스쨩, 인형처럼 귀여워요……!
104208039	꺄악! 갑자기……
104208040	아……!
104208041	아차차……
104208042	후후, 제 가슴이 커서 다행이네요.
104208043	……우으.
104208044	나, 나도 커지면 가슴으로 산을 무너뜨릴 수 있는걸!
104208045	괜찮아, 앨리스쨩은 아직 성장기일 뿐이야.
104208046	고마워, 하지만 이제 내가 더 커질 테니까!
104208047	간다~!
104208048	응……으응……!
104208049	푸하아……
104208050	자, 봐봐! 이렇게 커질 수 있다고!
104208051	나랑 [player][kun]은 아주 친한 사이니까!
104208052	후후, 큰 앨리스쨩도 멋지네요 ……!
104208053	자, 걸리버. 내 가슴으로 꾸욱해 줄게!
104208054	무귯!
104208055	괴, 괴로워, 괴로워요……！
104208056	아, 미안해……. 하지만 알겠지? 나한테도 가슴이 있어!
104208057	그래요. 물론이죠. 잘 있죠.
104208058	네에!
104208059	그럼 다음은 걸리버 차례야!
104208060	어디까지 커질 수 있을까~?
104208061	어머, 여유가 있네요……?
104208062	어른을 얕잡아보면 안 돼요……?
104208063	응…… 앗…… 아아아아!
104208064	어, 어째서?
104208065	내 쪽이 [player][kun]과 더 가까운데!
104208066	앨리스짱…… 어른은 누군가를 의도적으로 좋아할 수도 있어요.
104208067	에~, 그런 게 가능해?
104208068	그것이 어른이 된다는 것일지도 모르겠네요.
104208069	앨리스짱은 아직 꿈꾸는 공주님으로 남았으면 좋겠어요…… 적어도 저는.
104208070	푸우. 잘 모르겠어.
104208071	하지만 이 정도면 크기는 비슷하네.
104208072	그래요. 좋은 승부네요.
104208073	마지막에는 함께 커지자! 눈을 감고 안 보이게 하자, 끝나면 결과를 알 수 있을 거야!
104208074	그렇군요…… 재미있네요. 어울려 줄게요.
104208075	[player][kun]은 아래에 남겨둘게. 얼마나 커질지 모르니까.
104208076	그럼 시작해보죠.
104208077	응.
104208078	그럼, 가볼까?
104208079	하나, 둘, 셋!!
104208080	앨리스와 걸리버가 모든 것을 끌어들이며 성장해 나갑니다……!
104208081	당신이 보기에 그 속도는 대등해 보였을 것입니다.
104208082	더 이상 실제 크기를 가늠하는 것은 불가능에 가깝지만 말입니다.
104208083	하지만, 만약.
104208084	만약 두 사람의 힘이 완전히 비등하다면.
104208085	그리고 그녀들이 당신을 생각하는 것처럼 당신의 마음이 그녀들에게도 전해진다면……
104208086	당신은 어느 쪽을 더 좋아합니까……?
104208087	앨리스
104208088	걸리버
104208089	당신은 앨리스를 강하게 생각했습니다.
104208090	당신은 걸리버를 강하게 생각했습니다.
104209001	저는 여기까지만 할까요…….
104209002	나름대로 성장한 것 같지만……
104209003	훗…… 역시 적수가 없네요. 앨리스의 순수한 마음에는……
104209004	에헤헤…… 너무 커져서 옷이 찢어졌어…….
104209005	하지만 이걸로 내가 이겼어!
104209006	꺄악!
104209007	아하하, 손끝 만으로도 귀여워할 수 있네!
104209008	앨리스짱 참……
104209009	그럼, 이쯤에서 끝낼까?
104209010	후후, 그렇네요, 물론이요.
104209011	좋아? 간다!
104209012	네, 오세요……!
104209013	에잇, 쿠웅!
104209014	아하하, 져버렸네요……
104209015	에헴! 이것이 나와 [player][kun]의 인연이야!
104209016	네…… 그 힘, 잘 알았어요.
104209017	다음부터는 앨리스쨩에게 부탁하고 빌려야겠어요……
104209018	어? 아~, 그러고 보니 그런 이야기였지?
104209019	웅, 사실 별로 신경 쓰지 않아.
104209020	나는 그저 걸리버와 놀고 싶었을 뿐이니까.
104209021	[player][kun]과 제가 친한 모습을 보여주고 싶었을 뿐이야.
104209022	그러니까, 괜찮다고? [player][kun]과 마음껏 놀아봐!
104209023	해냈다! 고마워요!
104209024	앨리스쨩 사랑해!
104209025	무귯, 괴로워…….
104209026	자, 앨리스쨩. 옷 갈아입으러 가야죠.
104209027	그대로 두면 감기에 걸릴 수 있어요!
104209028	네에!
104209029	안녕, [player][kun]. 또 놀자~!
104210001	훗훗! 꽤 커진 거 아니야?
104210002	걸리버는 어디 있을까?
104210003	어라……?
104210004	후훗, 귀여운 사이즈네요, 앨리스쨩.
104210005	에엣!? 어째서, 어떻게!?
104210006	왜 그럴까요? 나도 모르게 커져버렸어요……
104210007	보통은 거대화로 인해 옷이 찢어지는 일은 없지만……
104210008	예상치 못한 힘이 작용한 것 같네요.
104210009	그런거, 치사해!
104210010	후후, 그럴지도 모르겠네요.
104210011	하지만 승부는 승부니까요……
104210012	우우, 알았어. 마무리하자구.
104210013	와줘, 걸리버.
104210014	네, 갑니다!
104210015	에잇!
104210016	아, 졌다……
104210017	크, 아쉬운데 ……[player][kun]을 사용해도 괜찮아……
104210018	아, 하지만 그래도! 매일매일은 하지 말아줘!
104210019	후후, [player][kun]을 정말 좋아하시는군요.
104210020	괜찮아요, 저 역시 [player][kun]을 독차지할 생각은 없어요.
104210021	좋아하는 난쟁이님은 서로 공유한다. 그렇죠?
104210022	…… 응!
104210023	고마워, 갈리버. 사랑해!
104210024	좋아요 좋아. 저도 앨리스가 너무 좋아요.
104210025	에헤헤……
104210026	………….
104210027	자, 걸리버.
104210028	옷 갈아입으러 갈까?
104210029	저는 벗은 채로 있어도 괜찮다고요?
104210030	마을 전체에서 볼 수 있다는 것도 흥분되고……!
104210031	모르긴 몰라도 ……[player][kun]이 어디를 봐야 할지 곤란해 하고 있어.
104210032	보셔도 좋아요! 더, 나의 부끄러운 모습을……
104210033	네, 거기까지!
104210034	모, 변태씨……
104210035	후후, 알겠습니다. 여기서는 앨리스쨩을 따라갈게요.
104210036	그럼 이만 가볼게요.
104210037	[player][kun]도 함께 놀아줘서 고마워!
104210038	바이바이!
104208202	또 불려버렸네요.
104208203	다시 작아졌어!
104208205	이렇게 같은 크기로 이야기하는 것도 나쁘지 않네.
104208206	[player][kun]이 부끄러워하는 모습이라던지, 잘 보이는 걸.
104208207	그래! 크기 차이라는 것은 변하기 때문에 재미있는 거지!
104208208	그래서 나랑 걸리버도 자주 크기를 바꿔가며 놀아!
104208209	그래. 크기 차이가 있는 비정상적인 상태…… 그것은 정상이라는 상태가 있어야만 존재할 수 있지.
104208210	그러니까, [player][kun]에게는 그 '보통'의 크기를 잘 기억해줬으면 해.
104208221	지난번과 규칙이 달라졌나요?
104208222	음~, 전과 마찬가지로. [player][kun]을 생각하면 생각할수록 커질 수 있어!
104208223	알았어요.
104208224	후후, 손대중 없이 할테니까!
104208225	바라는 바입니다!
103101001	안녕하세요, [player][kun].
103101002	내 방에 오신 것을 환영합니다. 드디어 준비가 끝났어요!
103101003	[player][kun]이 이 공간에서 활동하기에는 너무 큰 고저차가 문제라고 생각해요.
103101004	책상에서 뛰어내리면 아프고, 운 좋게 살아남아도 다시 책상 위로 돌아갈 수 없었을 거에요.
103101005	그래서 이런 장치를 만들게 된 거에요.
103101006	후후, 저 이렇게 생겼는데도 꽤 손재주가 좋다고요? 이름하여 그래플링 앵커! 높은 곳도 이것으로 쉽게 올라갈 수 있어요!
103101007	자, 이제 그것을 손에 들고 보세요.
103101008	그래플링 앵커를 얻었습니다.
103101009	이 도구가 있으면 당신은 이 세상에 더 깊이 간섭할 수 있게 될거에요.
103101010	사용법은 간단해요. 조준하고 마우스 오른쪽 버튼을 클릭하면 되요.
103101011	사용법은 간단해요. 조준하고 트리거를 당기기만 하면 되요.
103101012	방해가 될 때는 언제든 치울 수 있어요. 마우스 휠로 맨손으로 전환이 가능해요.
103101013	방해가 될 때는 언제든 치울 수 있어요. 좌우 컨트롤러의 그립으로 전환이 가능해요.
103101014	앵커 사용 시 왼쪽 하단에 있는 MP 게이지를 소모해요.
103101015	MP 게이지는 시간이 지나면 회복되요.
103101016	또한, 이 그래플링 앵커는 밤에는 조명으로도 사용할 수 있어요.
103101017	사용법, 잘 알겠나요?
103101018	뭐, 백문이 불여일견이라고, 한번 써보는 것을 추천해요.
103101019	그럼 내 방에서 즐거운 시간 보내세요.
103120101	어머, [player][kun].
103120102	저를 만나러 오셨어요?
103120103	후후, 다행이네요.
103120104	그다지 재미있는 것은 없지만, 느긋하게 있다가 가세요.
103120111	안녕하세요. [player][kun].
103120121	어머……? [player][kun]은 그런 것을 원하나요 ……?
103120122	후후, 그렇군요…… 모처럼 방에 오신 거니까 그런 것도 나쁘지 않아요.
103120123	나는 가만히 있으니까 마음대로 해도 되겠죠?
103120124	음……
103120125	앗……
103120126	아흐……
103120127	좋아요……!
103120128	후후, 분위기가 고조되고 있네요.
103120129	하지만 이 정도만 하고 넘어가죠.
103120130	이 부분은 다음 기회에 다시 이야기해 보도록 할게요.
103120141	내 가슴 위에 오신 것을 환영합니다.
103120142	어때요? 넓지 않아요?
103120143	부디, 느긋하게 있다가 가세요.
103120201	안녕하세요, [player][kun].
103120202	여기는 내 침대입니다.
103120203	후후, 난쟁이의 나라에 왔을 때 내 침대에서 잠을 잘 수 있을 거라고는 생각도 못 했어요.
103120204	이 방을 준 카오리짱 …… 내 친구에게 감사하네요.
103120205	이 침대 아래에는 난쟁이 마을이 있어요.
103120206	저한테서 숨어 있는 것은 아니지만…….
103120207	이 방에서 내가 짓밟히지 않는 곳은 저기 정도일 것 같네요.
103120208	음……
103120209	아아……?
103120210	응……
103120211	스, 스……
103120301	안녕하세요, [player][kun].
103120302	별거 아닌 책상이지만, 천천히.
103120303	……이렇게 보니 처음 만났을 때의 기억이 떠오르네요.
103120304	후후, 여기서는 추억의 이야기 하나쯤은 해볼까요?
103120305	걸리버와의 만남을 기억하시나요?
103120306	네
103120307	아니오
103120308	응…………….
103120309	더, 여기를 이렇게……응.
103120310	………… 그것보다 이쪽이 더……
103120311	아, 이쪽도 괜찮아……
103120312	퀄리아의 연결이 ……
103120313	에너지 공급은……
103120314	이런 건 낭만이 중요하다고……
103202001	…… 어머?
103202002	신발 안에 누가 있네요?
103202003	당신은 ……[player][kun]이네요.
103202004	후후, 왜 그래요? 떨어지고 나올 수 없게 되었나요……?
103202005	…… 아니면 나를 기다리고 있었나요?
103202006	내가 이 부츠를 신는 것을…….
103202007	후후, 뭐 어쨌든. 거기 있으니 나랑 놀아줘요.
103202008	저는 좀 더 직접적인 놀이를 좋아하지만, 이런 것도 나쁘지 않아요.
103202009	도망갈 곳 없는 공간에서 천천히 [player][kun]을 추적하는 그런 놀이도 있어요.
103202010	자, 그럼 바로 가볼까요?
103202011	쉽게 망가지지 말아주세요?
103202012	아, 네, 맞아요. 앵커의 기능은 잠궜어요.
103202013	제가 만든 것이니 그 정도는 언제든 할 수 있어요.
103202014	지금 당신은 그저 무력한 난쟁이에 불과합니다……!
103202015	그 증거로 ……
103202016	보세요, 여자아이의 손가락 하나도 이길 수 없어요.
103202017	걸리버가 발끝을 조금만 움직여도 폐의 내용물이 억지로 짜내집니다.
103202018	매번 느끼는 것이지만, 거부할 수 없는 힘의 차이를 느낍니다.
103202019	걸리버가 힘을 풀자, 당신은 드디어 숨을 쉴 수 있었습다.
103202020	으음 ……[player][kun], 빨아주세요……
103202021	나의 향기로 당신의 모든 것을 채우세요……
103202022	물론 들이마시는 공기는 걸리버의 발 냄새로 가득 차 있습니다.
103202023	구수하고 묵직하게 습한 공기가 당신의 폐를 채운다.
103202024	후후, 좋아요. 온몸에 내 냄새를 묻혀줄게요.
103202025	자, 착하지 착해……
103202026	당신의 몸에 묻어있는 앨리스의 냄새를 내 냄새로 채워드릴게요……
103202027	이걸로 [player][kun]은 내 꺼……
103202028	후후, 농담이에요. 혼자서만 하는 건 좋지 않으니까요.
103202029	하지만 지금은 내 것이에요. 왜냐면 그렇잖아요?
103202030	내가 평소에 신고 다니는, 나의 일부라고 할 수 있는 곳 안에 있는 거죠.
103202031	그러니 당신을 어떻게 '재작성'하든 내 자유죠.
103202032	자, 이제 작아질까요?
103202033	어떻게 생각하세요? 넓어졌나요?
103202034	[player][kun]에게는 내 신발이 동굴처럼 보이는 걸까요?
103202035	신발 속이 얼마나 커졌는지 저한테는 전혀 보이지 않네요……
103202036	잠깐만요, 제가 볼 수 있는 곳까지 오실 수 있을까요?
103202037	내 신발 속에서 길을 잃었나요……?
103202038	저기, [player][kun]? 이쪽이에요~!
103202039	여보세요…… 정말 어디로 갔을까요?
103202040	[player][kun]을 잃어버리면 앨리스가 화를 낼거에요……
103202041	그러니 나와주세요……!
103202042	울어버릴거에요? 착한 어른이 울어버릴거라구요!?
103202043	후후, 잘했어요.
103202044	다행이네요, 제대로 된 거네요.
103202045	그렇구나, 그 정도 크기면 올라가는 것도 힘들었을 것 같네요.
103202046	하지만 이번엔 내리막길이라 조금은 수월할 것 같네요……?
103202047	불러 놓고 바로 돌아가라니, 이 얼마나 어처구니없는 일인가요……
103202048	하지만 [player][kun]은 거역할 수 없죠……
103202049	후후, 소름이 끼치네요……
103202050	걸리버의 발이 공기를 압축하면서 부츠 안쪽으로 내려옵니다……!
103202051	엄청난 풍압에 몸이 밀쳐집니다……!
103202052	자, [player][kun]. 내 부츠 속을 즐겨주세요.
103202053	후후, 열심히 하고 있네요.……？
103202054	에잇!
103202055	잡았어요……!
103202056	이거, [player][kun]이죠?
103202057	후후…… 작고 귀여워……
103202058	아, 이대로 계속 내 부츠 안에서 키우고 싶어요……
103202059	후후, 역시나 그게 문제인가요?
103202060	그럼 …… 게임 하나 해볼까요?
103202061	지금부터 부츠를 벗을 거에요. 시간 내에 여기에서 탈출할 수 있다면 당신의 승리에요.
103202062	시간은 …… 그렇군요, 한 5분 정도면 충분할까요?
103202063	시간 내에 [player][kun]이 밖으로 나가지 못하면 내 승리에요.
103202064	거부권은 없어요……?
103202065	이것은 당신에게 주어진 기회이니까요……
103203001	자, 시작해보죠. 좋아, 시작!
103203002	아, 그래요. 그냥은 5분이면 여유가 있지 않나요?
103203003	그래서 [player][kun]과 같은 배율로 축소한 집을 넣을거에요.
103203004	그리고 [player][kun]이 이 게임을 더 재미있게 즐길 수 있도록 조금 손질을 했어요.
103203005	[player][kun]은 내 냄새를 맡는 동안 계속 작아질거에요.
103203006	군데군데 내 땀이 스며들어 있는 곳을 조심해 주세요.
103203007	다른 것보다 냄새가 더 강할 가능성이 높기 때문에……
103203008	당연히 작아지면 작아질수록 나아가기 힘들어질 거에요.
103203009	땀을 뻘뻘 흘리며 나아갈 것인가, 아니면 우회할 것인가? 잘 생각해 보세요.
103203010	이제 2분이네요. 길을 잃으셨나요?
103203011	3분. 여자아이의 신발 안에서 조난당하는 기분은 어떤가요?
103203012	4분…… 이것 만으로는 역시 승산이 없지 않나요?
103203013	5분. 해냈습니다, 내가 이겼어요……!
103203014	일단은 발뒤꿈치 쪽에 도착했네요.
103203015	그럼 [player][kun]을 위해 부츠를 쓰러뜨려 줄게요.
103203016	이제 앞으로 나아갈 수 있겠죠?
103203017	2분. 아직은 희망이 있잖아요~?
103203018	이제 3분이에요. 이미 반환점은 지났나요……?
103203019	4분. 자, 자, 서두르지 않으면 패배할 거라고요?
103203020	5분. 해냈어요, 내가 이겼어요……!
103203021	후후, 혹시 꽤 좋은 곳까지 온 건가요?
103203022	그럼 이제부터 저도 게임에 참여합니다……!
103203023	아무도 방해하지 말라고 하지 않았어요……?
103203024	돌풍에 주의하세요……
103203025	후우
103203026	걸리버 허리케인, 갈게요!
103203027	후우우우……
103203028	그리고 내 친구도 추가되었습니다!
103203029	어떻게 생각하세요?
103203030	이 아이들은 당신과 같은 '보통 사이즈'의 아이들이에요.
103203031	지금 당신에겐 무서운 거인으로 보일지도 모르겠네요.
103203032	5분.. 아쉬웠네요 …… 그래도 승부는 승부에요.
103203033	어머 ……? 혹시 탈출에 성공했나요!?
103203034	대단하다, 훌륭하다……!
103203035	그렇게 작아지면서도 부츠의 입구까지 도달할 수 있다니……
103203036	후후, 반할 거 같네요.
103203037	하지만 약속은 약속이니까, 부츠 안에 가둬 두는 건 그만할게요.
103203038	…… 만약 [player][kun]이 졌다면 정말 키울 생각이었나구요?
103203039	글쎄요, 그건 어떨까요?
103203040	하지만 내 신발이나 몸에 살고 싶으면 언제든 다시 오세요.
103203041	소중히 키울게요…… 후훗!
103203042	그럼 안녕히 계세요.
103203101	아쉽네요. 이걸로 [player][kun]은 제 것이에요……!
103203102	…… 후후, 이렇게 작아지면 [player][kun]을 꺼내기도 어려울 것 같네요.
103203103	[player][kun]은 평생 내 신발에 살게 될 거에요.
103203104	계속 내 냄새에 둘러싸여 계속 작아지는 거죠.
103203105	당신이 보기에 내가 산보다, 별보다, 우주보다 더 커져도 계속 커질 거에요.
103203106	……………….
103203107	후후, 농담이에요!
103203108	어때요, 무서웠어요?
103203109	아니면 흥분했나요?
103203110	후후…… 어쨌든 당신에게는 앨리스가 있으니까요. 혼자만 독차지하면 안 되죠.
103203111	하지만 하룻밤 정도는 괜찮을까요…….
103203112	내 신발 속에서, 천천히 놀다 가세요.
103203113	강렬한 흔들림이 당신을 덮칩니다. 아무래도 당신을 신고 있는 채로 걸리버가 걷기 시작한 모양입니다.
103203114	그녀는 정말 하룻밤 동안 당신을 부츠에 가둬 두고 일상생활을 하는 것 같습니다.
103203115	당신이 할 수 있는 일은 그녀가 당신을 신발 속에 가둔 것을 잊지 않기를 기도하는 것뿐입니다…….
103203116	걸리버의 발이 땅에 닿는 충격에 당신의 의식이 어둠에 녹아듭니다.
103203201	아, 찾았다! 이렇게 작은……
103203202	어머, 당신이 [player]군? 꽤나 마음에 들어하는 것 같네!
103203203	쿠웅, 쿠웅! 아하하하하, 도망쳐라 도망쳐!
103203204	우리한테서 도망칠 수 있을까?
103203205	걸리버를 위한 것이니 나쁘게 생각하지 말아주세요!
103203206	나도 나보다 작은 난쟁이가 있었으면 좋겠다!
103203207	잡아버린다!
103204001	으응, 음냐음냐……
103204002	…… 화장실
103204003	………….
103204004	음……. 귀찮은데, 이 안에 해버릴까요……
103204005	응……
103204006	걸리버의 음부가 병의 입구에 닿습니다. 이대로 가다가는 거기서 쏟아지는 액체에 익사할지도 모릅니다 ……!
103204007	도움을 요청하시겠습니까?
103204008	네
103204009	아니오
103204010	당신은 걸리버에게 도움을 요청했습니다……!
103204011	어! [player][kun]! 어디인가요……!
103204012	설마……!
103204013	아, 안 돼요, 못하겠어요…… 싸버려요……!
103204014	하아………….
103204015	[player][kun]이 안에 있는데……
103204016	…… 하지만 이건 정말 흥분되네요.
103204017	후후, 이렇게 된 이상 마지막 한 방울까지 다 쏟아부어 줄게요……
103204018	읏…… 으읏……
103204019	하아……
103204020	이제 이것만 작게 만들어서 버리기만 하면…… 어머나?
103204021	뭔가 떠다니는 ……데, [player][kun]!?
103204022	괜찮으세요? 수압에 부서지거나…… 하지 않았네요. 다행이네요…….
103204023	왜 그런 곳에 있는 거죠?
103204024	저, 저는 …… 저기, 저쪽 세계에서는 이런 처리 방법도 있다고 들어서……
103204025	그, 음, ………… 네, 제 잘못이에요.
103204026	사과라고 하기는 좀 그렇고, 제가 깨끗이 씻겨줄 테니 목욕하러 갈까요?
103205001	하아…… 극락이네 극락……
103205002	이렇게 목욕을 할 수 있는 것도 친한 친구인 카오리쨩 덕분이에요……
103205003	조금 모자란 부분이 있지만, 우수하고 착한 아이예요~!
103205004	…… 분명 [player][kun]도 조만간 만날 수 있을 것 같아요.
103205005	…… 그런데. 모처럼의 목욕이니 조금 놀아볼까요?
103205006	자, 보세요. 섬이 두 개가 생겼죠?
103205007	후후, 여기까지 올 수 있나요……?
103205008	물속에 있는 동안에는 점차적으로 MP를 소모하게 되는데, MP가 바닥나면 익사할 수 있으니 주의해야 합니다.
103205009	또한, 물속에 있을 때는 시점의 방향이 상하 이동 방향이 됩니다.
103205010	후후, 잘했어요. [player][kun]은 무사히 걸리버의 엉덩이 섬에 표류했네요.
103205011	하지만 안도의 한숨을 내쉬는 것도 잠시, 천지개벽이 일어났다……!!
103205012	후후, 걸리버의 엉덩이 섬은 바다 밑바닥에 가라앉고 말았어요.
103205013	대신 새로운 섬이 보이네요……?
103205014	자, 어서 오세요?
103205015	네, 이쪽이에요~!
103205016	무릎 위에서 쉬고 계신가요?
103205017	하지만 거기는 위험해요!
103205018	자, 큰 파도입니다!
103205019	아하하, 쉽게 흘러가 버렸네요!
103205020	나는 그저 손을 움직였을 뿐인데……!
103205021	자, 이제 절반 정도 남았나요? 열심히 해봅시다!
103205022	그래요, 잘했어요……!
103205023	이렇게 [player][kun]은 무사히 육지에 도착할 수 있었습니다……!
103205024	부드럽고 따뜻한 그 섬에서 잠시 휴식을 취한 [player][kun]이었지만……
103205025	그런데 이 섬은 나쁜 여자 거인의 가슴이었습니다!!
103205026	자, 위험해! 빨리 도망치지 않으면 거인에게 잡혀버려요!
103206001	…… 그런 이유로, 무대를 준비했습니다!
103206002	후후, 제가 평소 목욕할 때 사용하는 장난감들이에요.
103206003	앵커는 사용할 수 있도록 준비해 두었으니 가장 먼 쪽 배로 도망치세요.
103206004	저는 적당히 [player][kun]을 쫓아낼 테니까요.
103206005	자, 이제 시작이에요!
103206006	[player][kun], [player][kun]!
103206007	보세요!
103206008	어라? 도망치지 않아도 되나요?
103206009	이대로라면 나쁜 여자 거인이 배를 가라앉혀 버릴지도 몰라요~?
103206010	내 가슴에 비하면 이렇게 작은 배는……
103206011	에잇!
103206012	후후, 나쁜 여자 거인의 가슴에 배가 가라앉았어요……!
103206013	방금까지 [player][kun]이 타고 있던 배입니다……!
103206014	서두르지 않으면 다음 배도……
103206015	에잇!
103206016	에헤헤 …… 끼워 넣었네요.
103206017	[player][kun], 이 배가 앞으로 어떻게 될지 아시나요……?
103206018	후후, 알겠죠?
103206019	이렇게, 됩니다! 꾸욱꾸욱~
103206020	아, 산산조각이 났어요.
103206021	음, 이 배도 이제 필요 없겠죠?
103206022	첨버엉!
103206023	후후, 내 가슴이 이겼어요!
103206024	이번에는 대양의 괴물, 리바이어던이 나타났다 ……! 캬오!
103206025	리바이어던이 배에 달라붙으면……
103206026	간단하게 물어 뜯어 버렸습니다!
103206027	얼마나 무서운지……!
103206028	과연 [player][kun]은 이 악마의 바다에서 벗어날 수 있을까요……?
103206029	후후, 이번엔 허벅지로 …… 에잇!
103206030	꾸욱꾸욱…… 밀가루처럼 만들어버려요……!
103206031	어떻게 생각하세요? 내 포동포동한 허벅지가 배를 먹어치우는 거……
103206032	사실 [player][kun]도 여기에 끼고 싶었을지도 모르겠네요.
103206033	하지만 참으면서 잘 버텨냈네요.
103206034	[player][kun], 탈출 성공입니다!
103206035	하지만 그곳도 내 몸 바로 위에 있는 거죠~!
103206036	자, 잡았어요……!
103206037	후후, 거인한테서 도망치는 건 처음부터 불가능해요……!
103206038	하지만, 열심히 일한 보상이에요.
103206039	내, 비밀의 장소에서 부숴버릴게요……!
103206040	으읏……!
103206041	후후, 즐거웠어요.
103206042	괜찮으시면 또 같이 놀러 가요.
103206043	이번엔 목욕탕이 아니라 바다에서 하는 것도 좋을 것 같지만…….
103206044	자, 이제 더 이상 지치기 전에 올라가요.
104211001	어머, [player][kun]. 그 케이크가 궁금하시나요?
104211002	그것은 앨리스 양의 몫이에요.
104211003	그리고 보통의 난쟁이님이 먹지 않는 것이 좋을 것 같네요.
104211004	제가 품종 개량 중인 특수 케이크인데, [player][kun]씨처럼 몸이 약한 난쟁이님이 먹으면 어떻게 될지가…….
104211005	독은 아니지만 부작용이 심해서요……
104211006	지금은 그 조정을 할 수 있도록 개선 중이에요.
104211007	아마 집을 망가뜨리지 않을 정도는 되었을 거에요…….
104211008	앨리스에게 실…… 시식, 맛보게 해주고 싶어서요.
104211009	이제 곧 올 것 같으니 저는 차를 끓여 올게요.
104211010	안녕, 걸리버! 놀러 왔어!
104211011	………….
104211012	어라~…… 없네? 같이 케이크 먹자고 했는데…….
104211013	대신 [player][kun]이 있네.
104211014	걸리버, 몰라?
104211015	당신은 걸리버가 차를 끓이러 갔다는 것과 이 케이크가 앨리스의 몫이라는 것을 이야기했습니다.
104211016	흠, 금방 돌아올 것 같으면 둘이서 먼저 먹을까? [player][kun]에게도 나눠줄게.
104211017	당신이 제지할 틈도 없이 앨리스는 포크를 들고 케이크를 입에 넣었습니다!
104211018	응……?
104211019	아 …… 이 케이크는 그 케이크……!
104211020	으음! 몸이, 뜨거워……!
104211021	안 돼 안 돼, 작아져야지……!
104211022	읏, 하아…….
104211023	버, 버텼다……
104211024	믿기지 않아! 보통의 방 안에서 몸이 커지는 케이크를 먹인다니!
104211025	[player][kun]…… 뭔가 들었어?
104211026	왜 알려주지 않았어? 걸리버랑 한편이야?
104211027	…… 걸리버와 손잡고 악을 쓰는 [player][kun], 이렇게 해줄게!
104211028	아~……
104211029	후후, 맞아. 먹혀버리는 거야!
104211030	아하하, 평소보다 더 커져서 [player][kun]을 입에 넣어도 정상적으로 말할 수 있네?
104211031	사탕처럼 핥아먹어 버려야지……
104211032	[player][kun], 여기가 어떤 곳인지 알겠어?
104211033	음식이 들어오면 여기서 무슨 짓을 당하는지 알겠지?
104211034	그래, 엉망진창으로 씹혀버리는 거지!
104211035	내가 조금만 깨물어도 [player][kun]은 죽어버린다구!
104211036	어때요? 무서워요?
104211037	네
104211038	아니오
104211039	그렇죠~? 이 이빨로 [player][kun]을 갈아서 내 영양제로 만들어 줄게……!
104211040	흠? 그럼, 무서운 이야기를 해줄까?
104211041	[player][kun], 요즘 걸리버와 친하게 지내고 있지 않아?
104211042	걸리버는 나의 가장 친한 친구…… 이지만
104211043	하지만 부러워하지 않는 건 아니야?
104211044	여자아이의 마음을 가지고 노는 나쁜 아이에게는 벌칙이 있어야지……?
104211045	바위 같은 앨리스의 이빨이 당신의 몸을 조여옵니다.
104211046	앨리스는 당신의 몸에서 적당한 탄력을 느끼며 즐거워하는 것 같지만, 그때마다 바이스에 끼인 듯한 충격이 당신을 덮칩니다.
104211047	으음, 구미 같아서 기분 좋네…… 하지만……
104211048	이제 그만 갈까?
104211049	앨리스의 턱이 크게 벌어집니다. 그것은 마치 휘두른 처형 도끼와 같아서……
104211050	무자비하게 당신의 몸을 공격해옵니다!!
104211051	……라고 할까!
104211052	후후, 정말 씹어버릴 줄 알았어?
104211053	뭐, 그렇게 해도 좋았을 텐데~!
104211054	대신 더 작게 만들어 줄게!
104211055	[player][kun]에게 내 입안을 더 즐기게 해줘야…….
104211056	…… 아까 얘기, 어디까지가 진심인지는 스스로 생각해봐.
104211057	침이 고여버렸어……
104211058	후후, 딱 좋네.
104211059	아, 에이스양에 히 우영양이아고. (역주: 앨리스쨩의 침 수영장이라고)
104211060	음~…… 으음~……
104211061	음후후……
104211062	앨리스는 그저 침 수영장에 흔들거리는 당신의 촉감을 즐기는 것 같았습니다.
104211063	오른쪽으로, 왼쪽으로 ……. 앨리스의 체온 그대로의 따뜻한 체액에 몸을 맡기다 보면 점점 졸음이 몰려옵니다.
104211064	지금 이 순간에도 먹힐지도 모르는데 말입니다.
104211065	그럼에도 불구하고 당신이 두려움을 느끼지 않는 것은 앨리스라는 소녀에 대한 신뢰 때문일지도 모릅니다.
104211066	그녀는 분명 당신을 좋지 않게 만들지 않을 것입니다……
104211067	지금쯤 앨리스쨩이…….
104211068	키얏! 앨리스가 벌써 먹어 버렸군요!
104211069	으긋! 걸리버…… 앗!
104211070	앨리스쨩!?
104211071	어떡하지 ……[player][kun], 삼켜버렸어 …….
104212001	[player][kun], 들리세요……!
104212002	당신은 아마 지금 앨리스의 뱃속에 있을 거에요.
104212003	이 세상이라 먹혀도 부활할 수 있는 세상이긴 하지만……
104212004	부활하면 다시 소화되는 고통을 맛보게 될 거에요. 배설될 때 까지의 시간은 약 37시간 정도.
104212005	그래서 어떻게든 도와주고 싶어요! 그런 의도는 아니었어요!
104212006	토하려고 해도 잘 안 돼…… 후에엥……!
104212007	괜찮아요, 울지마요 울지마…….
104212008	괜찮을거에요, 제가 도와줄게요.
104212009	그런, 괜찮아?
104212010	저도 그 원인 중 하나니까요. 생명줄을 들고 앨리스쨩 안으로 들어갈게요.
104212011	그 동안 [player][kun]은 최대한 가까이 오세요!
104212012	위산에 떨어지지 않도록 주의하세요. 떨어지면 순식간에 녹아내려 버리니까요.
104212013	흔들림이 심한 발판도 있어요. 불안정한 발판에 올라타면 가라앉기 전에 다음 발판을 노리는 것이 좋을 것 같아요…….
104212014	꿀꺽……
104212015	이렇게 내가 줄을 몇 번 세게 잡아당기는 느낌이 들면 당겨주세요.
104212016	응……!
104212017	그럼, 가볼게요!
104212018	오, 오에……
104212019	토할 것 같으면 토해도 괜찮아요?
104212020	우우……
104212021	꺄악! 갑자기 자세를 바꾸지 말고…… 가급적 가만히 계세요!
104212022	아아……
104212023	[player][kun], 괜찮아요? 아직 녹지 않았죠?
104212024	읏챠……
104212025	역시 몸속이라서 그런지 냄새가 대단하네요……
104212026	음, [player][kun]은……
104212027	아, 저기 있네요. 지금 도와줄게요……
104212028	가고 싶긴 하지만……
104212029	미안해요. 생명줄의 길이가 부족한 것 같아요…….
104212030	여기까지 올 수 있나요?
104212031	떠다니는 발판을 통해 걸리버에게 다가갈 수 있습니다.
104212032	네, 좋은 느낌이에요……!
104212033	그런데…… 앨리스쨩, 꽤나 가리지 않고 먹네요…… 마을도 먹었어요.
104212034	아까도 말했듯이 우리 위장은 웬만한 것은 다 소화할 수 있기 때문에 문제없지만…….
104212035	너무 이상한 것을 너무 많이 먹으면 몸에 좋지 않은 것 같아요…….
104212036	꺄악! 발밑이……!
104212037	이것이 바로 앨리스쨩의 배의 움직임…….
104212038	조금 흥분되네요……!
104212039	피부가 조금 가렵기 시작했어요.
104212040	나도 이대로 있으면 앨리스의 일부가 되어버릴 것 같네요.
104212041	후후, 그렇게 되기 전에 탈출하죠.
104212042	거기서부터 내 몸으로 넘어올 수 있나요?
104212043	잘했어요!
104212044	자, 밖으로 나가죠.
104212045	부탁이야, 앨리스쨩!
104212046	응!
104212047	우에에……….
104212048	참아주세요 앨리스쨩!
104212049	[player][kun], 앨리스쨩! 조금만 더, 조금만 더에요 ……!
104213001	쿨럭, 쿨럭……
104213002	[player][kun], 일어나! [player][kun]!!
104213003	아, 방금 움직였네요.
104213004	이제야, 일어나는 게 늦어~!
104213005	우, 우에…… 안심했더니 구역질이……
104213006	앞으로는 잘 토할 수 있도록 연습을 해봐야 할까……
104213007	괜찮아요, 술을 마시다 보면 자연스럽게 익히는 사람은 익히게 되니까요.
104213008	그건 글러먹은 어른이잖아~!
104213009	후후, 맞아요. 토할 때까지 마시면 안 돼요.
104213010	뭐, 그건 그렇다 치고. 상당히 당황스러웠네요.
104213011	우, 응…… 만약 이걸로 [player][kun]이 나를 싫어하게 되면…… 읏
104213012	후후, 이제 [player][kun]도 확실히 좋아하는 사람 중 하나가 되었네요.
104213013	그래. 그래서 소중히 간직하고 싶어요. 잃어버리지 않게, 멀어지지 않게……
104213014	……[player][kun]. 조금 진지한 이야기를 하죠.
104213015	우리는 큰 몸을 가지고 있고 매우 강해요.
104213016	……그래도 마음은 그렇게 강하지 않아요.
104213017	우리를 좋아해 주시는 분들이 많이 있어요.
104213018	하지만 그 좋아함은 대부분 이해관계나 두려움 등 다른 감정이 변질된 것들이에요…….
104213019	진짜로 우리를 좋아해 주는 사람. 그렇게 확신 있게 말할 수 있는 아이는 그리 많지 않아요.
104213020	그래서 우리는 그런 감정을 가진 사람들을 모으는 거에요.
104213021	…… 외롭지 않게.
104213022	[player][kun]. 당신은 분명 괜찮을 거라고 생각해요.
104213023	우리, 거대한 소녀를 정말 좋아해 주는 사람. 그렇게 믿어요.
104213024	…… 매운 이야기가 되었네요. 네, 진지한 이야기는 끝났어요!
104213025	나는 앨리스의 등을 두드러 줄게요……
104213026	그럼 이만.
104213027	우욱…….
101201001	……!!
101201002	[player][kun], 어서 와!
101201003	나는 아오이. 휴우카 아오이(日向 葵)야. 앨리스와 걸리버에게 너에 대한 이야기를 들었어.
101201004	두 사람 모두 너무 즐겁게 이야기하는 것 같아서 계속 궁금했어.
101201005	어떤 아이일까, 만나면 어떻게 해야 할까, 같은.
101201006	……드디어 만났네.
101201007	아, 걱정마, 무섭지 않아!!
101201008	봐봐, 지금은 아직 같은 크기잖아?
101201009	지금은 아직. 그 말에서 느껴지는 찝찝함이 당신의 얼굴에 드러난 것 같습니다.
101201010	아, 오해……라고는 못하겠네.
101201011	미안, 나도 앨리스나 걸리버와 마찬가지로…… 커져서 난쟁이님들과 노는 것을 좋아해.
101201012	너를 이곳에 부른 것은 그런 놀이를 하고 싶어서야.
101201013	혹시, 싫은거야……?
101201014	네
101201015	아니오
101201016	……!!
101201017	정말로 싫어……?
101201018	알았어, 그럼 오늘은 여기까지.
101201019	나중에 마음이 바뀌면 놀러 와주면 좋겠네.
101201020	나, 기다릴게!
101201021	후훗, 다행이다. 너도 그런 아이였구나.
101201022	그러엄, 뭘 하고 놀까~?
101201023	……힘겨루기, 어때?
101201024	아, 지금 '어차피 커져서 크기 차이로 이기겠지' 라고 생각했어?
101201025	후훙, 무르네 [player][kun]!
101201026	지금 크기로도 이길 수 있어!
101201027	나는 이렇게 보여도 꽤 강하니까.
101201028	규칙은 간단해, 여기서 서로 밀어서 상대방을 벽에 밀어붙이는 쪽이 이기는 거야!
101201029	자, 사양 말고!
101201030	그럼, 간다?
101201031	그럼, 시—작!
101201032	오, 의외로 잘하네.
101201033	좋아, 그 정도면 충분해!
101201034	그래,도……!
101201035	그걸론 나한테 이길 수 없지!
101201036	아하하, 무슨 일이야? 밀리고 있다고~?
101201037	네, 내 승리!
101201038	저기, 나 강하지 않아?
101201039	패배한 [player][kun]에게는…… 벌이야.
101201040	후후, 역시 남자는 작은 게 더 귀엽지.
101201041	재미있어졌어. 다음엔 뭘 할까?
101201042	이런 건 어때?
101201043	내가 한 발로 서 있을 테니까 나를 넘어뜨려 봐!
101201044	아, 도망치려 해도 소용없어.
101201045	이 세상에는 이 교실밖에 없으니까.
101201046	자, 힘내!
101201047	나를 무너뜨리기에는 전혀 부족해! 좀 더 진지하게!
101201048	……그게 진심이야? 뭐야~ 귀엽다……
101201049	……피곤해졌지? 이쯤 하자.
101201050	어땠어? 나, 균형잡기는 자신있어!
101201051	그럼 다시 한 번 벌이야!
101201052	아하, 적당하게 줄어들었네!
101201053	한 번 쉬어갈까?
101201054	자, 올라와.
101201055	……아, 못 올라오나…….
101201056	어쩔 수 없네, 자.
101201057	작은 몸으로 분발했구나. 잘했네 잘했어.
101201058	……네, 휴식 끝!
101201059	미안해, 역시 '아직은 이 크기는' 좀 부끄러워서……
101201060	조금만 더 작아졌으면 좋겠다……
101201061	다음 놀이, 할까?
101201062	이번에는 한 손만! 팔씨름 하자!
101201063	[player][kun]은 온몸을 사용해도 괜찮아!
101201064	그럼…… 준비…… 시작!
101201065	………….
101201066	[player][kun], 정말 힘 주는거야?
101201067	에, 어떡하지…… 괜찮을까…… 갈께?
101201068	에잇.
101201069	음, [player][kun], 아무리 작아졌다고 해도 좀 약하지 않아?
101201070	이건 특별한 훈련이 필요하겠네.
101201071	일단은 적당한 크기까지 줄여볼까?
101201072	네, 잘 봐. 이게 지금 너의 키야.
101201073	아직은 큰 편이니까 기회가 있을 거라고 생각해.
101201074	다음 상대는...... 내 손가락!
101201075	역시 손끝 정도면 이길 수 있겠지?
101201076	이 노트 위에서 밀려나면 [player][kun]의 패배!
101201077	간다~?
101201078	시작!
101201079	힘내~! 전혀 안 느껴진다고~?
101201080	[player][kun]은, 8 센치미터니까 더 잘할 수 있을 거야!
101201081	………….
101201082	에잇.
101201083	내 승리! 이대로라면 점점 더 작아질 것 같지 않아?
101201084	어느 정도 사이즈가 좋을까?
101201085	역시 이 정도?
101201086	내가 항상 대략적으로 80 미터 정도니까…… 응, 내가 항상 보는 난쟁이의 크기는 이 정도구나.
101201087	…… 역시 남자아이들은 이 정도가 가장 귀여워.
101201088	뀽 하고 오는걸…….
101201089	저, 저기. 한 번 더 승부하자.
101201090	힘의 대결로는 더 이상 이길 수 없을 것 같으니까, 이번엔 도망치는 걸로 하자!
101201091	내가 다섯 번 공격할 테니 모두 피하면 [player][kun]의 승리!
101201092	간다~?
101201093	에잇!
101201094	아하, 방금 전은 워밍업이었어!
101201095	거기!
101201096	좋아, 좋아!
101201097	꿍!!
101201098	열심히 하고 있구나!
101201099	조심해! 간다~!
101201100	에, 한 번 남았어!? 이대로는 내가 질텐데~!
101201101	마지막은…… 몸으로!
101201102	쿠~웅!
101201103	아하하, 잘 버텼네!
101201104	…… 사실은 여기에 깔리고 싶었나?
101201105	하지만 그건 다음 기회로 미루자.
101201201	모처럼 이겼는데, 이대로는 아무런 보상도 받을 수 없을 것 같습니다. 아오이에게 보상을 요구하겠습니까?
101201202	네
101201203	아니오
101201204	엣!? 보상......?
101201205	그래, 그렇구나.
101201206	그럼 머리를 쓰다듬어 줄게!
101201207	수고하셨습니다! 착하다 착해……
101201208	후후, 손끝으로 쓰다듬어 주면 되겠네.
101201209	어때? 이것으로 충분해?
101201210	네
101201211	아니오
101201212	에~…… 더?
101201213	그럼 ...... 제대로, 가슴으로 뭉게 버릴게요.
101201214	잠깐만……
101201215	에헤헤…… 어때?
101201216	걸리버만큼은 아니지만… 나도 꽤 자신 있어.
101201217	이걸로 충분하지?
101201218	네
101201219	아니오
101201220	그럼, 간다~?
101201221	에잇!
101201222	에…… 걸리버는 더 해줬다고?……?
101201223	우…… 조금 부끄럽지만…… 그래도 [player][kun]과는 앞으로도 여러 가지 일을 할 거니……
101201224	좋아, 보여줄게.
101201225	어, 어때?
101201226	자, 일단 흔들림 정도는 있잖아?
101201227	지금부터 여기로 [player][kun]을 찌부러뜨릴 거야.
101201228	간다……!
101201229	으음…… [player][kun]의 몸, 따뜻하네……
101201230	이대로 망가뜨리는 것이 아까울 정도로……
101201231	귀여워…… 그래, 망가뜨려 버리고 싶을 정도로……!!
101201232	가, 간다?
101201233	으읏……!
101201106	이제 다시 원래 크기로 되돌려 줄게.
101201107	간다……
101201108	……!!
101201109	에, 에……
101201110	에취!!
101201111	아……! 해버렸다……!!
101201112	[player][kun], 어디야……!?
101201113	날아가 버렸겠지……
101201114	어~이, [player][kun]!
101201115	앗……
101201116	미안해, [player][kun].
101201117	하지만 작아진 [player][kun], 귀여웠어……
101201118	후후, 이번엔 내가 더 커서 만나러 갈 테니까 작아지지 않아도 괜찮아.
101201119	이 교실도 좀 더 크게 만들어서…… 놀 수 있게 해야겠다.
101201120	준비가 되면 다시 불러줄게.
101201121	그때까지 기다려줘!
101201122	그럼 아쉽지만…… 오늘은 여기까지!
101201123	앞으로 잘 부탁해, [player][kun]!
103207004	그래서 그걸 위한 장난감을 아오이짱한테 빌려왔어요......!
103120131	모처럼 이니까 좀 더 해볼까요?
103120132	네
103120133	아니오
103120134	후후, 그러면...... 우리 관계를 진행시켜볼까요?
103207001	그렇다고 해서 당황하면 안돼요.
103207002	이런 것들은 전희가 중요해요...…
103207003	서로 기분이 좋아지고, 더 이상 참을 수 없을 때 하는 게 가장 기분 좋아요.
103207005	후후, 저쪽 세계에 살고 있는 [player][kun]이라면 이게 뭔지 알겠죠?
103207006	바로 기차에요.
103207007	난쟁이들이 사용하는 고속, 고효율의 이동수단이에요. 정말 잘 만들어졌네요.
103207008	우리가 도시를 습격하면, 난쟁이들은 이 차를 타고 도망쳐 버려요.
103207009	그것도 이미 꽉꽉 채워져서.
103207010	그것을 잡아서 장난감으로 만드는 것이 최고에요......!
103207011	하지만 오늘은 [player][kun] 전용 열차로 사용할게요.
103207012	자, 어서. 타세요.
103207013	탑승해 주셔서 감사합니다.
103207014	이 열차는 소파발, 걸리버쨩행 열차입니다.
103207015	후후, 어떤가요?
103207016	평소에는 크기를 비교할 수 있는 것이 별로 없어서 잘 모르겠지만……
103207017	이렇게 저쪽 세계에서 사용하는 것과 비교하면 잘 알 수 있지 않을까요?
103207018	제 크기가......!
103207019	후후, 안녕하세요~ 거인님입니다~!
103207020	거인에게 잡힌 기차가 어떻게 되는지 아시나요?
103207021	이 거인은 내용물에 관심이 많아요.
103207022	후후, 문 열겠습니다~!
103207023	그래, 모처럼이니 제 손가락에서 도망쳐 봐요.
103207024	가볼까요~?
103207025	에잇!
103207026	손가락만 들어가면 괴물 같지 않나요?
103207027	같다는 게 아니라 그 자체일 수도 있겠네요.
103207028	이 손끝 하나로 [player][kun]을 뭉게버릴 수도 있으니까요.
103207029	이번에는 이쪽에서, 실레하겠습니다~.
103207030	음, 좀처럼 잡히지 않네요...…
103207031	그렇다면 이런 건 어떤가요?
103207032	아래에서 실례할게요!
103207033	이것도 무리인가요...... 꽤 하네요.
103207034	이를 견딜 수 있는 난쟁이는 거의 없었어요. 앨리스가 열중하겠네요.
103207035	어때요? 따뜻해졌나요?
103207036	이제 옷을 벗을 차례에요. 일단 중간에 하차해서.......
103207037	후후, 한 번에 이렇게까지 벗어버렸네요.
103207038	하지만 괜찮죠? 이제부터 우리는 더 즐거운 일을 하게 될 테니까요.
103207039	사실 아오이쨩에게 또 한 가지 재미있는 것을 받았어요.
103207040	이제 더더욱 달아올라 볼까요?
103207041	맞아요, 자동차.
103207042	이것도 좋죠...... 난쟁이님이 이걸로 열심히 도망치지만 금방 막다른 길에 빠져요.
103207043	그것을 뒤에서...... 이렇게, 꾸욱 하고.
103207044	후훗, 하지만 오늘은 조금 다른 방법으로 쓸거에요.
103207045	이 차, 원격으로 조작할 수 있게 해두었어요.
103207046	그 컨트롤러를 가져가세요.
103207047	방아쇠를 당겨보세요.
103207048	방아쇠를 당겨보세요. (마우스 왼쪽 클릭)
103207049	후후, 알겠죠?
103207050	[player][kun], 당신이 나를 기분 좋게 해주세요.
103207051	저는 이 차를, 여기에 맞추고 기다릴게요...…
103207052	이건...... 애태우는 건가요......!?
103207053	무슨 일이세요? 혹시 고장......? 움직이지 않나요?
103207054	읏!
103207055	아읏!
103207056	아하하...... 좋아요......!
103207057	으읏...... 아...…
103207058	꽤, 하네요......!!
103207059	좀 더...... 좀 더......!
103207060	음...... 너무 단조롭지 않나요......?
103207061	음, 아...... 앗!
103207062	읏.........…
103207063	하아, 하앗...…
103207064	[player][kun], 잘하네요.
103207065	거의 갈 뻔했어요.
103207066	이제부터가 진짜 시작이니까요.
103207067	"이걸 제 ""안""에 넣을게요......!"
103207068	하지만 역시 지금 상태로는 너무 큰 것 같네요...…
103207069	제가 더 커질게요.
103207070	으, 읏...…
103207071	하아, 하아...…
103207072	거대해지는 것 만으로도 쾌감이...... 더 이상 참을 수 없어요......!
103207073	이 정도면 들어가겠네요...…
103207074	아차, 당황하지 마세요.
103207075	앞으로 [player][kun]이 타는 기차가 어떻게 될지 잘 보여드릴게요!
103207076	자알 보세요. 이게...... 제 여기로...…
103207077	응...…
103207078	들어왔어요오...…
103207079	점점 더 안으로 들어가고 있네요...…
103207080	[player][kun] 수백 명이 탈 수 있는 기차가 제 안에......!
103207081	저, 전부 들어 가버렸어요......!
103207082	봐줘요, [player][kun]...…
103207083	제 여기에, 꼬옥 들어갔어요......!
103207084	읏...... 하아...…
103207085	이렇게...... 빼고...…
103207086	또 넣고...…
103207087	아읏...…
103207088	아흐...…
103207089	응...... 으읏......!
103207090	하아, 하아...... 어때요?
103207091	이제 참을 수 없으신가요?
103207092	그럼, 그러엄...... 본편이네요.
103207093	[player][kun], 타...... 주세요.
103207094	탑승해 주셔서 감사합니다...... 이 열차는 걸리버행입니다.
103207095	읏...…
103207096	걸리버쨩의 터널에 오신 것을 환영합니다......!
103207097	아, [player][kun]이 제 안에...…
103207098	알겠나요, [player][kun]...... 지금 당신은 제 그곳 안에 있어요......!
103207099	아기를 만드는 데 쓰는 곳에...... 기차가 통째로 들어가 있어요!
103207100	후후...... [player][kun]이 제 안에서 나오면 어떻게 될까요...…
103207101	...... 아마 아무 일도 일어나지 않을 것 같아요.
103207102	왜냐하면 저는 이렇게 크고 [player][kun]은 작으니까...…
103207103	제가 이렇게 조금만 질에 힘을 주면...…
103207104	[player][kun]은 기차째로 짓뭉게져 버릴거에요......!
103207105	그, 그렇게 생각하니...... 더 이상 참을 수 없어요......!!
103207106	가, 같이 기분 좋아져요!
103207107	읏
103207108	앗...…
103207109	아앗
103207110	좋아, 좋아요!
103207111	제 안에 [player][kun]이...…
103207112	제 뱃속에...... 아기방에......!
103207113	아앗!
103207114	아흣...…
103207115	하, 하지만 괜찮아요!
103207116	[player][kun]이 여기서 뭉게져도 제가 확실하게 다시 태어나게 해줄게요...…
103207117	읏
103207118	그래, 제가 [player][kun]의 엄마가 되면 되겠죠......!
103207119	응
103207120	앗...…
103207121	이제 곧, 가, 갈 것 같아요......!!
103207122	[player][kun]도, 가, 같이......!
103207123	걸리버 엄마의 뱃속에서, 가주세요......!!
103207124	아, 앗, 아아읏!
103207125	아아아아아아아아아앗!!
103207126	일어났네요, [player][kun].
103207127	무사히 내 안에서 나왔네요......!
103207128	후후, 엄마라고 불러도 된다구요?
103207129	앨리스의 안에도 들어간 적이 있다면 앨리스와 저, 두 사람의 아이가 되는 걸까요?
103207130	그런 농담은 제쳐두고...…
103207131	정말 좋았어요.
103207132	특히, 자동차. 저건 앨리스쨩이라던가 다른 사람에게 빌려줘도 좋을 것 같아요.
103207133	기분 좋은 것은 함께 나누는 것이 더 즐겁기 때문이에요.
103207134	[player][kun]도 괜찮으시면 다시 한번 놀아봐요.
103207135	저, 기다릴 테니까요.
103207136	그럼 이만 이걸로 끝.
103207137	또 만나요.
104215084	하지만 나랑도 같이 놀아주면 좋겠어!
104215001	그래서 이번엔 이 자리에서 움직이지 않을 거야!
104214029	여-덟
104215002	어, 움직이면 안 돼?
104214307	받아라~!
104214308	아오이짱 공격!
104214038	내가 커지면서 밟으려고 해도 정말 열심히 했어요!
104215010	그럼 다음은 나!
104215011	더 커져도 상관 없지?
104215037	그럼 같이 커지자!
104215038	좋아~!
104215039	하나 둘!
104215049	하아, 하아…… 마을이 이렇게 작아……
104215053	아하하, 아오이쨩도 이제 완전히 변태구나!
104215054	그, 그렇게 말하지 마……
104215055	그보다, 빨리 하자, 콰광 하고!
104215056	네에~. 이게 마지막 공격이야……! [player][kun], 각오해……!
104215057	간다~!
104215058	쿠광!
104215079	아오이짱, 너무했어~!
104215086	정말 좋아하는 거구나.
104215091	그럼 [player][kun], 다음에 또 만나!
104215092	바이바이!
104215006	꾸욱 할 수 있는 건 5번 까지!
104215004	그렇구나……
104215007	간다~!
104215008	쿵!
104215009	처음엔 이정도로.
104215005	그럼 나부터 시작할게!
104215017	나도 커질 거야……!
104215012	음, 괜찮아.
104215013	그럼, 우선은 두 배 정도로……!
104215014	에잇!
104215015	아하, 아직 멀었나?
104215016	그럼 이번엔 나!
104215020	다음은 아오이짱 차례!
104215021	응.
104215018	콰광!
104215019	후후, 어때? 그냥 무작정 도망치기만 하면 되는 게 아니니까, 어렵지?
104215027	그렇지? [player][kun]은 대단해!
104215029	응…… 으읏……!
104215022	읏…… 하아. 커진다는 건 기분 좋은 일이야.
104215023	내 차례, 두 번째 공격이네!
104215024	도랴!
104215025	흐응, 그래도 아직은 괜찮아.
104215028	그럼 내 차례네!
104215026	꽤나 잘하네!
104215030	이제 아오이짱하고 같은 크기야!
104215031	세 번째, 간다~!
104215032	쿠궁!
104215033	후훗, 제대로 도망쳤네!
104215034	잘한다 잘한다!
104215035	앨리스, 이거 우리 둘이 동시에 해도 괜찮지 않을까?
104215036	물론, [player][kun]이라면 당연히!
104215048	아흐…… 으응……
104215040	콰광!!
104215041	아하하, 이제 마을 절반 정도가 사라졌나?
104215042	우리, 커다래졌네.
104215043	하지만 더 커질 수 있으니까......!
104215044	다음이 마지막 일격……
104215045	아오이짱, 함께 커지자?
104215046	응, 좋아. 앨리스.
104215047	응…… 앗……
104215050	아오이짱, 커지는건 정말 두근거리지……?
104215051	그, 그러니까…… 봐봐! 내 발만 올려놓으면 이렇게……
104215052	나, 나…… 많이 커졌어……!
104215069	그럼 나는 한 번 더 커져서 공격할 수 있겠네!
104215060	아, 저거 아니야?!
104215061	머, 멋지다……!
104215063	대단해, 정말 대단해……!
104215064	5번, 전부……!
104215065	…………
104215067	잘 생각해보니까 나 4번만 공격했을지도……?
104215068	아……
104215062	[player][kun], 살아남았구나!
104215066	어라?
104215070	하아, 하아, 간다……!
104215071	읏, 앗, ……아아아아앙!
104215072	아, 아오이짱…… 모, 목소리가……!
104215073	하아, 하아...... 애, 앨리스도 이렇게 작고…… 귀엽다……!
104215074	잠, 아오이짱!
104215075	가, 간다……?
104215076	아, 안된다…… 스위치가 들어갔어……
104215077	미안 [player][kun], 포기해!
104215078	에잇!
104215085	무, 뭐어 노는거라면……
104215083	아하하, 안 가져간다고?
104215080	아하하, 미안 미안
104215081	[player][kun]이 생각보다 강해서 흥분했어!
104215082	아, 안 줄 거야!
104215003	그래. 하지만 그 대신에 커져도 OK!
104215087	응.
104215088	아, 하지만 아오이짱도 정말 좋아해!
104215089	그래서 특별하네!
104215090	고마워, 나도 앨리스가 너무 좋아.
104214030	아아홉
104214040	그럼 이번엔 둘이서 같이 해보자!
104214039	헤에, 그렇구나!
104215059	......[player][kun], 살아있어~?
104120902	그거, 아오이짱꺼지?
104120903	놀고 싶으면 나도 껴줘!
104120904	네
104120905	아니오
104120906	됐다! 그럼 아오이짱 불러올게!
104120907	에~, 안 놀꺼야?
104214001	그래서 아오이짱을 불렀어!
104214002	불려왔어!
104120901	아, [player][kun]!
104214003	그래서, 뭘 하고 노는 거야?
104214004	음, 일단은 술래잡기라도 할까?
104214007	진짜로, 도망가는 발걸음은 빠르니까!
104214008	흐응?
104214010	괜찮지?
104214011	네
104214012	아니오
104214005	[player][kun], 꽤 강하잖아?
104214006	어, 정말?
104214009	그럼 나랑 앨리스, 둘이서 쫓아가도 될까?
104214013	역시 내 [player][kun]이구나!
104214014	......뭔가 자신감이 없어 보이네?
104214015	[player][kun], 잘해봐! 아오이쨩에게 좋은 모습을 보여줄 수 있는 기회야!
104214016	할 거지? 해봐! 네, 하는걸로 결정!
104214017	괘, 괜찮을까...…
104214018	그럼 나는 저쪽, 아오이쨩은 이쪽에서 시작하자!
104214019	알았어! 그럼 위치로!
104214020	그럼, 내가 10까지 다 세고 나면 시작이다!
104214021	간다~
104214022	하-나
104214023	두-울
104214026	다-섯
104214027	여-섯
104214028	일-곱
104214024	세-엣
104214025	네-엣
104214209	에잇!
104214031	여얼!
104214032	그럼 시작한다!
104214208	쾅!
104214202	쿵, 쿵!
104214203	어디어디, 도망쳐봐-!
104214210	아하하, 이 정도는 준비운동이지?
104214206	쿵!
104214207	콰광!
104214201	[player][kun]은 어디에 있을까?
104214204	아직 안 끝났어~?
104214205	[player][kun], 달려라~!
104214211	역시 [player][kun], 잘하네!
104214213	조금만 더 힘내!
104214301	자, 술래잡기 실력 좀 볼까!
104214303	힘내라, 힘내라~!
104214304	라스트 스퍼트, 갈까!
104214305	에잇!
104214212	괜찮아, 잘하고 있어!
104214302	내 발에서 도망칠 수 있을까?
104214306	거기다!
104214033	시간 다 됐어~! 여기까지!
104214309	정말, 피했어!
104214310	헤에, 우연이 아니었네.
104214311	꽤 잘하는 거 아니야?
104214312	거짓말, 이러면 져버려......!
104214401	우리들의 승리!
104214402	한 번 더 할까?
104214403	네
104214404	아니오
104214405	그래, 그럼 다음에 또 보자!
104214406	바이바이!
104214034	[player][kun], 대단하지 않아?
104214035	아하하하, 앨리스, 졌는데도 불구하고 기뻐하는 것 같아......!
104214036	왜냐면, [player][kun]은 내 자랑스러운 난쟁이님이니까요!
104214037	더 대단하다고 [player][kun]은!
103208213	내 뱃속에서 반성해 주세요!
103210001	반성할 때까지는 안 내줄 테니까요!
103210002	...... 이제 반성하셨나요?
103210003	예
103210004	아니요
103210005	정말?
103210006	.........…
103210007	예
103210008	아니요
103210009	알겠습니다. 이대로 계속 가둬둘 수는 없으니까요.
101120111	내가 잘 아는 곳의 이야기를 쓸 수 있을까 싶어서요.
101203029	오늘 가려고 하는 곳은 건물 옥상이다.
101203052	아, 경치도 정말 좋네요!
101203076	이걸로 ...... 이렇게 해서 ...…
101203086	가자!
101203087	예!
101203094	으응, 아아, 흥분되는 ......!!!!
101203103	하하하...…
101203116	자, [player][kun], 더 가까이 오세요 ......!
101203117	으음...... 아...…
101203130	에헤헤, 부끄러운 모습을 보여줬네
101203139	데이트하자고 했는데 나만 기분 좋게 하고 있고 ...…
101320114	그래, 그럼, 아~오이줍쇼!
103209003	보세요, 보세요...... 이렇게 커졌어요!
103209024	가득 나왔습니다.
103210010	내어드립니다.
101202001	안녕하세요, [player][kun][kun].
101202002	저기요, 다음에 놀 때는 이 교실을 좀 더 크게 만들어서 놀아볼까 하는데요 ...…
101202003	향으로부터 새로운 도시를 선물 받았어요.
101202004	그럼 오늘은 저쪽에서 놀지 않을래요?
101202005	예
101202008	그럼 오늘은 둘이서 시내 데이트를 하러 가자!
101202901	어~...... 안 돼요?
101202009	그럼 이대로 교실에서 놀아볼까?
101202010	예
101202011	아니요
101202012	알았어. 지금은 아무것도 없지만, 일단 크기만 바꿔야겠다.
101202902	어?
101202013	그럼 ...... 처음 생겼을 때를 떠올려볼까요?
101202015	아니요
101202016	알았어. 그럼 [player][kun]이 방에 들어오는 것부터 시작해보자!
101202017	어, 그것도 싫다고요?
101120101	아, [player][kun]!
101120102	작고 귀엽네요.
101120103	하지만 나는 사실 내가 커지는 것을 더 좋아한다.
101120104	왠지 ...... 굉장히 멋있는 일을 하고 있는 것 같은 느낌이 들어요.
101203020	좋은 책......
101120105	도시를 부수고, 자동차를 짓밟고, .......
101120106	아, 물론 난쟁이들과 노는 것도 좋아해요!
101120107	그래서 이렇게 이야기할 수 있어서 기쁘다.
101120108	이 교실은 내가 준비한 것이다.
101120109	꽤나 잘 만들어져 있지 않나요?
101120110	나는 향처럼 잘 쓰지는 못하지만 ...…
101120112	아, 향은 내 가장 친한 친구야!
101120113	[player][kun]이 여기 있는 것도 향의 초대를 받았기 때문이겠죠?
101120114	...... 만나본 적 없어?
101120115	흠...…
101120116	향은 [player][kun]을 통해 알고 싶은 것이 있는 것 같다.
101120117	뭔가 이 세상은 관찰자?　가 안에 있어도 성립되는지 ...... 같은 말을 하더라.
101120118	아마 지금도 어딘가에서 보고 있지 않을까?
101120119	왠지 이렇게 하다 보니 처음 만났을 때가 생각나네요!
101120120	'아오이와의 만남'을 기억하시나요?
101120121	예
101203001	보세요!　여기가 새로운 도시다!
101203002	큰 건물들이 가득해서 신이 난다 ......!
101203003	하지만 우선은 산책부터 할까요? 데이트니까.
101203004	우리가 살고 있는 세상과 비슷하지 않나요?
101203005	가게 같은 건 없으니 ...... 데이트하기엔 좀 안 어울릴 것 같지 않나요?
101203006	하지만 괜찮아!　이 도시는 내가 맘대로 쓸 수 있는 놀이터야!　왜냐면 ...…
101203007	도로도 마음대로 쓸 수 있잖아!
101203008	무제한 사용, 그런데...…
101203009	음, 저기요.
101203010	...... 조금 커져도 되나요?
101203011	이 사이즈는 걷기가 귀찮아서 ...…
101203012	더 커지면 마을 안내를 할 수 있지 않을까 싶어서요.
101203013	좋죠?　커지겠지!
101203014	음, 음, ......!
101203015	푸하아...…
101203016	음, 대략 두 배 정도? ⧏33⧐ double ⧏35⧐ 두 배 ⧏34⧐
101203017	이 정도면 안내하기 쉬울 것 같네요!
101203018	네, [player][kun], 어서 오세요?
101203019	안아줄게.
101203022	음, 저기 저 건물이 이 도시에서 가장 높은 건물이야.
101203023	평소 나보다 더 큰가 보다.
101203024	음, 좀 아플 것 같지만 꽤 쓸만할 것 같네요...…
101203025	아, 아무것도 아니야!　아무것도 아니야!
101203026	나는 그런 하찮은 여자가 아니니까!
101203027	네, 다음입니다!
101203028	아, 맞다. [player][kun]은 높은 곳이나 괜찮아?
101203030	잘 못하면 미안해.
101203031	하지만 우리와 함께 놀려면 익숙해져야 한다!
101203032	이 일대가 이 도시의 중심이 아닐까.
101203033	아까 말한 높은 빌딩도 있고 공원도 있고 가장 발전된 곳이에요!
101203034	봐요, 봐요!　공원!
101203035	괜찮지 않나요~?
101203036	그리고 이쪽 건물. 여기가 바로 저에게는 딱 좋은 높이의 건물이에요.
101203037	오늘은 여기서 이야기할까요?
101203038	네, 내려가세요.
101203039	나도 한 번 쪼그맣게 되네요.
101203040	에헤헤, 또 같은 눈빛이네.
101203041	지-잇...…
101203042	아하, 부끄러워요?
101203043	[player][kun], 카와이이이이이이이이이이이이이이이이이이이이이이이이이이이이이이이!
101203044	아하하!　이런 분위기는 싫다고요?
101203045	미안, 미안, 그럼 ...…
101203046	둘이서 ...... 옥상, 이코카.
101203047	여기가 옥상이다!
101203048	옥상이란, 왠지 좋죠?
101203049	평소에는 들어갈 수 없는 비밀의 장소라고나 할까 ...…
101203050	학교는 자물쇠로 잠겨있으니까.
101203051	...... 요, 요!
101203053	어서 오세요!
101203054	이리 와서 함께 경치를 구경하자!
101203055	봐요, 어때요?　꽤 멋진 도시죠?
101203056	이 도시를 ...... 앞으로 ...... 아 아하 ...…
101203057	아, 들었어?
101203058	미안해, 나 ...... 평범하지 않거든.
101203059	정직함, 이미 오래전부터 간지러워요 ...…
101203060	해도 되나요?　해봐도 되겠지?
101203061	그래, 해버린다!　위험하니까 한 번 내려와!
101203063	ううううううん……！
101203064	하하하...…
101203065	아하, 어때요?
101203066	아까까지만 해도 같은 크기의 데이트 상대였던 여자가 이렇게 커져서 ...... 내려다보고 있어요.
101203067	나는 정말 흥분된다!
101203068	아까까지만 해도 나랑 비슷한 크기였던 [player][kun]이 손끝 크기로 작아졌어요 ...…
101203069	후후, 쉽게 부숴버릴 수 있겠네요 ......!
101203070	아, 괜찮아!　오늘은 [player][kun]과의 데이트니까 ...…
101203071	그런 건 맨 마지막에. 그렇죠?
101203072	그때까지 ...... 큰 나의 파워를 [player][kun]에게 마음껏 보여드리겠습니다!
101203074	잡았다!
101203075	자, 이것 봐요, 자동차!
101203078	아하!　망해버렸어~!
101203079	후후, [player][kun], 보셨죠?　내, 여기 ...…
101203080	만져보고 싶었어?　괜찮아, 지금 바로 ...…
101203081	킥킥...... 농담이야. 지금 타면 어떻게 될지 알잖아.
101203082	지금 나는 여자지만 괴수 같은 덩치를 가지고 있으니까요!
101203083	아하...... 흥분되어 버렸어요!
101203084	Hey, [player][kun]. 내가 도시를 망가뜨리는 곳 ...... 여기서 지켜봐 ......!
101203085	대괴수 아오이짱이 도시를 망가뜨리고 난쟁이들을 밟고 ...... 난동을 부려요!
101203088	아하, 저렇게 컸던 건물이 내 발로 쉽게 ...…
101203089	보세요, [player][kun]. 방금 전까지 네 옆에 있던 여자애가 도시를 망가뜨리고 있어...…
101203090	이렇게 엉덩이로 ...…
101203091	좋은 책......
101203092	캬캬캬캬캬캬캬캬캬캬캬캬캬캬!
101203093	아, 아하...... 여자 한 사람의 몸무게도 못 버티는구나...…
101203096	하아, 하아...... 으으...... 더 난동을 부리고 싶을지도 모르겠다...…
101203097	잠깐만요, 장소 바꿔요!
101203098	음, 이 정도면 되겠지?
101203099	여기서부터 도시를 부수면서 다가갈 테니 나의 크기를 느껴보세요!
101203100	가자!
101203101	쓱쓱쓱쓱쓱쓱쓱쓱쓱쓱쓱쓱!
101203104	아, 내 발로 큰 빌딩이 골판지처럼 구겨져 ...…
101203105	하아~...... 이상한 기분이 들게 만드는 ......!
101203106	안 돼요 ...... 이런 안 좋은 짓을 하고 있는데 ......!
101203107	도시 파괴, 멈추지 않아요 ......!
101203108	하하하...…
101203109	.........…
101203110	어때요?　좀 끌렸나요?
101203111	미안해, 나 ...... 이런 여자야.
101203112	예전에는 이런 게 아니었잖아?
101203113	하지만 이제 안 돼요...... 큰 몸으로, 남들에게 보여줘야만 기분이 좋아질 수 있어요...…
101203114	아하하하, 헨타이죠...…
101203115	하지만 참을 수 없다...…
101203118	보, 보지 마세요...... 우우...... 그래도, 보십시오......!
101203119	건물 모퉁이에서 기분이 좋아지는 ...... 보고 ......!
101203120	는 부끄럽다...…
101203121	안 돼...... 부끄럽지만 기분 좋은......!
101203122	하아아아아아, 진짜로 여기에 [player][kun]을 눌러서 ......!
101203123	하아아아아!
101203124	우, 아아!
101203125	으음, 으음, 앗...…
101203126	아아아아아아아아아아아아아아아아아!
101203127	하하...... 하하...…
101203128	아하, 또 커졌네요.
101203129	기분이 좋아지면 나도 모르게, 네...…
101203132	이봐요, [player][kun]. 나, 뭐하는 거지...…
101203133	차분해지면 너무 부끄러워지는 ...... 소년들 앞에서 이런 ...…
101203134	물론 내가 멋대로 시작한 일이긴 하지만 ......!
101203135	우와, 이제 그만 끝내자!
101203136	네, 다리 닫습니다!
101203137	아, 일어났어?
101203138	[player][kun], 억지로 끼어들어서 미안해~ ...…
101203140	하지만 정말 좋았어요 ...…
101203141	저기요, 저기요, ...... 저는 이런 여자에요.
101203142	웃기죠...... 도시를 장난감으로 삼고, 그, 그, 오, 오냐오냐 하는 거 ...…
101203143	하지만 내 주변에서는 이게 보통이고 ...... 그래서 ...…
101203144	글쎄요, 뭐라고 해야 할지 모르겠네요 ...…
101203145	만약 이것으로 나를 싫어하지 않는다면 ...... 다시 한번 놀아주면 좋겠다.
101203146	그리고 언제든 이 도시에 올 수 있도록 준비해 두어야지.
101203147	릴리팟 등대 근처에 차를 준비해 놓을 테니까요.
101203148	나는 대체로 여기 있는 것 같아요.
101203149	그럼 또 놀러 오세요!
101320101	아, [player][kun]!
101320102	에헤헤, 괜찮죠?
101320103	커서 거리를 걸으면 정말 기분이 좋다고요!
101320104	아, [player][kun]은 그대로의 크기로 유지했으면 좋겠다.
101320105	남자아이들은 작은 게 더 귀엽다고 생각하니까.
101320110	발밑에 와서 무슨 일이야?
101320111	혹시 저랑 놀고 싶으신가요?
101320113	아니요
101320115	어, 아니야?
101320201	아, [player][kun]!
101320202	이 정도 높이면 대화하기 편하네요!
101320203	괴수 놀이도 좋지만, 이렇게 따뜻한 이야기를 나누는 것도 좋죠~!
101320301	자, 그럼, 카운트다운 시작! ⧏33⧐ count ⧏35⧐ 카운트다운 ⧏34⧐
101320302	이치
101320303	にー
101320304	산~님
101320305	욤
101320306	고
101320307	ろーく
101320308	시치
101320309	하치
101320310	きゅう
101320311	주!
101320312	그럼 가볼까요?
101320313	내 발에서 도망칠 수 있을까?
101320315	아하, 이제부터가 진짜 시작이다!
101320316	라스트 스퍼트, 가자!
101320317	예!
101320318	저기다!
101320319	큭큭큭큭큭큭큭큭큭큭큭큭큭큭!
101320320	아오이 짱 아~악!
101320321	정말, 피했다!
101320322	허허, 우연이 아니었군요.
101320323	꽤나 잘하는 거 아니야?
101320324	거짓말, 이러다 내가 져버린다 ......!
101320325	이제 슬슬 시간인가 봐요.
101320326	[player][kun]의 승리인가?
101320327	수고했어, 수고했어!
101320328	아하!　내 승리!
101320329	한 번 더 할까요?
101320330	예
101320331	아니요
101320332	やったー!　그럼, 카운트다운을 시작하자! ⧏33⧐ count ⧏35⧐ 카운트다운 ⧏34⧐
101320333	알았어. 또 놀고 싶으면 언제든 놀러 와요!
103208001	그래서, 왔어요!
103208002	후후...... 이곳이 소위 말하는 현실 세계를 닮은 도시, 맞죠?
103208003	그렇다면 나는 마치 현실세계에 나타난 괴수, 혹은 침략자 같은 존재라고 할 수 있을까?
103208004	ふふ……疼いちゃいますね……！
103208005	하지만 싸울 상대가 없다면, 침략자들도 실망할 수밖에 없다 ...…
103208007	향에게 부탁해서 빌린 비밀병기를 소환합니다!
103208008	후후, [player][kun]도 보신 적 있으시죠?
103208009	네, 탱크입니다.
103208010	그것도 실제와 최대한 비슷하게 준비해 달라고 부탁했다.
103208011	즉 ...... 내가 이 모든 것을 이길 수 있다면, 마음만 먹으면 현실 세계도 침공할 수 있다는 뜻이겠죠?
103208012	내가 그럴 의향이 있는지 ...... 후후, 어떻게 될까요?
103208013	[player][kun]에게는 특별히 이 탱크 부대의 지휘권을 드립니다.
103208014	지휘봉으로 포격하고 싶은 곳을 조준하고 방아쇠를 당깁니다(오른쪽 클릭).
103208016	그리고 지휘봉으로 전차를 지정하면 해당 전차의 이동 경로를 지정할 수 있어요!
103208015	지휘봉으로 포격하고 싶은 곳을 조준하고 방아쇠를 당겨보세요.
103208017	잘 조종해 주세요!
103208018	자, 그럼 갈리버의 침략 놀이, 시작입니다!
103208019	어디서든 전화주세요!
103208020	후후, 은근히 설레네요...…
103208021	그런 곳에 총을 맞아도 아무렇지 않아요?
103208022	더 많이, 더 즐겁게 해 주세요!
103208024	후후, 내 예민한 부분 ...... 잘 아시죠?
103208025	그럼 저도 보답하겠습니다!
103208026	에잇!
103208027	ふふ……あんなに強そうな戦車が、鉄板になっちゃいました……！
103208028	......!
103208029	...…
103208030	후후, 괜찮아요...…
103208031	하지만 그렇게 약하면 ...... 지켜야 할 것도 지키지 못해요!
103208032	자, 거인 언니가 ...... 건물을 쉽게 부숴버렸어요!
103208033	아하하!　무력하네요......!
103208034	음......!
103208035	더 많은 ...... 더 있습니다!
103208036	아!
103208037	아, ......!
103208038	하하하...…
103208039	좋은 느낌입니다......!
103208040	날씨가 더워졌네요......!
103208041	...... 더 이상 참을 수 없고 ...... 벗어버리자.
103208042	하아...... 해방감...…
103208043	역시 밖에서 벗으면 기분이 좋네요......!
103208044	자, ...... 이번엔 나의 반격이다.
103208045	이 큰 가슴으로 ......[player][kun]의 탱크를 전멸시켜 버립니다!
103208046	[player][kun]은 ...... 그래요, 최대한 기분 좋게 해 주세요.
103208047	쉽게 당하지 마세요......?
103208048	가볼까요?
103208049	에잇!
103208050	ふふ、くしゃって潰れるの……気持ちいいですね
103208051	땡, 땡!
103208052	어때요?　부드러운 가슴에 짓밟히다니 ...…
103208053	으으으으으으으으으으으으으으으!
103208054	후후, 가슴에서 벗어날 수 없잖아요~?
103208055	음...…
103208056	후후, 내 가슴으로 도시가 망가져요 ......!
103208057	후후, 이제 이 동네도 이제 한계가 왔네요 ......!
103208058	쓱쓱쓱쓱......!
103208059	으음...... 젖꼭지가 문질러서...... 기분 좋아요......!
103208060	아아...... 더...... 더...... 더......!
103208061	무니무니...... 후후...…
103208062	부르릉부르릉 ...... 어때요?
103208063	후후, 노리고 있어요~?
103208064	머리 위 주의!
103208065	내 가슴의 무게를 느껴보세요......!
103208066	이렇게 크면 어깨가 뻐근하네요...…
103208067	캬캬캬캬캬캬캬캬캬캬캬캬캬캬!
103208069	아핫!
103208070	......
103208071	아, 좋은 ......!
101320314	힘내라, 힘내라!
101203102	아하하, 괴수다!
101203021	네, 앞으로 나아가세요.
101320112	예
101203150	안녕히 가세요!
101203131	.........…
101203095	안 돼, 커져버린다......!!!!
101203077	이렇게!
101203073	예를 들면ー...…
101203062	그럼, 가자 ......!
101120122	아니요
101202018	그럼 우리 동네에 가고 싶은데 ...…
101202014	예
101202007	やったー!
101202006	아니요
103208006	거기서!
103208072	아, 저기 있습니다......!
103208073	으음, 잘한다......!
103208074	후후, 여자를 기쁘게 하는 방법을 알고 있군요 ......?
103208075	잘했습니다......!
103208076	후후, 그 정도면 괜찮아요!
103208077	너무 기분이 좋아서 너무 커져버렸어요......!
103208078	아아...... 크게......!
103208079	으음, 아니, 안 돼요 ......!
103208080	하, 하하하......[player][kun], 잘하시네요......!
103208081	이렇게 커져 버렸어요.
103208023	꺄악!
103208082	더 이상 말씀드리기가 어려워지니까요 ...…
103208083	일단 여기까지만 하겠습니다.
103209001	하하하...…
103209002	정말 좋았어요, [player][kun][kun].
103209004	쯔쭈웅...…
103209005	후후, 가슴을 내려놓는 것만으로도 도시가 엉망진창이네요.
103209006	쓱쓱쓱쓱......!
103209007	쭈욱쭈욱...…
103209008	우후죽순처럼 쉽게 갈아치울 수 있습니다 ......!
103209009	이것도 [player][kun]의 노력 덕분입니다 ......!
103208068	헉!
103209010	무언가 보상을 해주지 않으면 ...…
103209011	그래, 이런 건 어떨까?
103209012	저, 모유가 나옵니다...…
103209013	아, 임신한 건 아니죠?
103209014	그런 식으로 몸을 조정하는 것뿐이니 ...... 걱정하지 마세요.
103209015	맛이나 농도 같은 것도 일반인이 마셔도 맛있다고 느낄 수 있도록 재작성해 놓았어요 ...…
103209016	분명 좋은 보상이 될 거라고 생각해요.
103209017	후후...... 좋죠?
103209018	아까부터 몸이 쑤셔서 어쩔 수 없었어요.
103209019	괜찮습니까?　가볼까요~?
103209020	으음, 으음 ......!
103209022	아아아아아아아아악!
103209021	아아아 ...... 나오네요 ...... 나옵니다 ...... 나옵니다 ......!
103209023	하하하...…
103209025	일면의 우유 바다 ...... 직접 해봤는데, 정말 장관입니다.
103209026	ふふ……つまり私はその気になれば現実の世界もミルクでいっぱいに……
103209027	아하하, 농담입니다.
103209028	이 세계는 결계로 구분되어 있기 때문에 비교적 빨리 채울 수 있다는 장점도 있네요.
103209029	아무튼, 함께 해주셔서 감사합니다.
103209030	괜찮으시다면 또 불러주세요.
103209031	그럼.
103208201	꺄악!
103208202	얼굴은 ......!
103208203	[player][kun]?　이건 장난이니까...... 장난이니까...…
103208204	하지 말아야 할 것과 하지 말아야 할 것의 선을 긋자고요?
103208205	잠깐만요!
103208206	모르겠어?　여자의 얼굴을 공격하다니 ......!
103208207	신사가 할 일이 아니지 않습니까?
103208208	.........…
103208209	이 이상은 알겠지요?
103208210	............ 좋으시겠습니다.
103208211	알겠습니다. 알겠습니다.
103208212	벌칙을 원하시는 거죠?
